"Time of Day","Process Name","PID","Operation","Path","Result","Detail"
"15:57:35,0224787","Empire Earth.exe","11380","QueryDirectory","E:\Program Files\GOG Games\Empire Earth Gold Edition\Empire Earth\Data\textures\UIControls.sst","NO SUCH FILE","Filter: UIControls.sst"
"15:57:35,0227997","Empire Earth.exe","11380","QueryDirectory","E:\Program Files\GOG Games\Empire Earth Gold Edition\Empire Earth\Data\textures\UIControls.sst","NO SUCH FILE","Filter: UIControls.sst"
"15:57:40,9696506","Empire Earth.exe","11380","QueryDirectory","E:\Program Files\GOG Games\Empire Earth Gold Edition\Empire Earth\Data\textures\UIControls.sst","NO SUCH FILE","Filter: UIControls.sst"
"15:57:40,9704223","Empire Earth.exe","11380","QueryDirectory","E:\Program Files\GOG Games\Empire Earth Gold Edition\Empire Earth\Data\textures\UIControls.sst","NO SUCH FILE","Filter: UIControls.sst"
"15:57:40,9810748","Empire Earth.exe","11380","QueryDirectory","E:\Program Files\GOG Games\Empire Earth Gold Edition\Empire Earth\Data\textures\mainmenuback_1_1.sst","NO SUCH FILE","Filter: mainmenuback_1_1.sst"
"15:57:40,9815135","Empire Earth.exe","11380","QueryDirectory","E:\Program Files\GOG Games\Empire Earth Gold Edition\Empire Earth\Data\textures\mainmenuback_1_1.sst","NO SUCH FILE","Filter: mainmenuback_1_1.sst"
"15:57:40,9975037","Empire Earth.exe","11380","QueryDirectory","E:\Program Files\GOG Games\Empire Earth Gold Edition\Empire Earth\Data\textures\mainmenuback_1_2.sst","NO SUCH FILE","Filter: mainmenuback_1_2.sst"
"15:57:40,9979569","Empire Earth.exe","11380","QueryDirectory","E:\Program Files\GOG Games\Empire Earth Gold Edition\Empire Earth\Data\textures\mainmenuback_1_2.sst","NO SUCH FILE","Filter: mainmenuback_1_2.sst"
"15:57:41,0113020","Empire Earth.exe","11380","QueryDirectory","E:\Program Files\GOG Games\Empire Earth Gold Edition\Empire Earth\Data\textures\mainmenuback_1_3.sst","NO SUCH FILE","Filter: mainmenuback_1_3.sst"
"15:57:41,0116151","Empire Earth.exe","11380","QueryDirectory","E:\Program Files\GOG Games\Empire Earth Gold Edition\Empire Earth\Data\textures\mainmenuback_1_3.sst","NO SUCH FILE","Filter: mainmenuback_1_3.sst"
"15:57:41,0249448","Empire Earth.exe","11380","QueryDirectory","E:\Program Files\GOG Games\Empire Earth Gold Edition\Empire Earth\Data\textures\mainmenuback_1_4.sst","NO SUCH FILE","Filter: mainmenuback_1_4.sst"
"15:57:41,0253177","Empire Earth.exe","11380","QueryDirectory","E:\Program Files\GOG Games\Empire Earth Gold Edition\Empire Earth\Data\textures\mainmenuback_1_4.sst","NO SUCH FILE","Filter: mainmenuback_1_4.sst"
"15:57:41,0372218","Empire Earth.exe","11380","QueryDirectory","E:\Program Files\GOG Games\Empire Earth Gold Edition\Empire Earth\Data\textures\mainmenuback_2_1.sst","NO SUCH FILE","Filter: mainmenuback_2_1.sst"
"15:57:41,0374777","Empire Earth.exe","11380","QueryDirectory","E:\Program Files\GOG Games\Empire Earth Gold Edition\Empire Earth\Data\textures\mainmenuback_2_1.sst","NO SUCH FILE","Filter: mainmenuback_2_1.sst"
"15:57:41,0487909","Empire Earth.exe","11380","QueryDirectory","E:\Program Files\GOG Games\Empire Earth Gold Edition\Empire Earth\Data\textures\mainmenuback_2_2.sst","NO SUCH FILE","Filter: mainmenuback_2_2.sst"
"15:57:41,0491087","Empire Earth.exe","11380","QueryDirectory","E:\Program Files\GOG Games\Empire Earth Gold Edition\Empire Earth\Data\textures\mainmenuback_2_2.sst","NO SUCH FILE","Filter: mainmenuback_2_2.sst"
"15:57:41,0608516","Empire Earth.exe","11380","QueryDirectory","E:\Program Files\GOG Games\Empire Earth Gold Edition\Empire Earth\Data\textures\mainmenuback_2_3.sst","NO SUCH FILE","Filter: mainmenuback_2_3.sst"
"15:57:41,0639729","Empire Earth.exe","11380","QueryDirectory","E:\Program Files\GOG Games\Empire Earth Gold Edition\Empire Earth\Data\textures\mainmenuback_2_3.sst","NO SUCH FILE","Filter: mainmenuback_2_3.sst"
"15:57:41,0898026","Empire Earth.exe","11380","QueryDirectory","E:\Program Files\GOG Games\Empire Earth Gold Edition\Empire Earth\Data\textures\mainmenuback_2_4.sst","NO SUCH FILE","Filter: mainmenuback_2_4.sst"
"15:57:41,0908185","Empire Earth.exe","11380","QueryDirectory","E:\Program Files\GOG Games\Empire Earth Gold Edition\Empire Earth\Data\textures\mainmenuback_2_4.sst","NO SUCH FILE","Filter: mainmenuback_2_4.sst"
"15:57:41,1199638","Empire Earth.exe","11380","QueryDirectory","E:\Program Files\GOG Games\Empire Earth Gold Edition\Empire Earth\Data\textures\mainmenuback_3_1.sst","NO SUCH FILE","Filter: mainmenuback_3_1.sst"
"15:57:41,1202543","Empire Earth.exe","11380","QueryDirectory","E:\Program Files\GOG Games\Empire Earth Gold Edition\Empire Earth\Data\textures\mainmenuback_3_1.sst","NO SUCH FILE","Filter: mainmenuback_3_1.sst"
"15:57:41,1260519","Empire Earth.exe","11380","QueryDirectory","E:\Program Files\GOG Games\Empire Earth Gold Edition\Empire Earth\Data\textures\mainmenuback_3_2.sst","NO SUCH FILE","Filter: mainmenuback_3_2.sst"
"15:57:41,1593817","Empire Earth.exe","11380","QueryDirectory","E:\Program Files\GOG Games\Empire Earth Gold Edition\Empire Earth\Data\textures\mainmenuback_3_2.sst","NO SUCH FILE","Filter: mainmenuback_3_2.sst"
"15:57:41,1734169","Empire Earth.exe","11380","QueryDirectory","E:\Program Files\GOG Games\Empire Earth Gold Edition\Empire Earth\Data\textures\mainmenuback_3_3.sst","NO SUCH FILE","Filter: mainmenuback_3_3.sst"
"15:57:41,1749447","Empire Earth.exe","11380","QueryDirectory","E:\Program Files\GOG Games\Empire Earth Gold Edition\Empire Earth\Data\textures\mainmenuback_3_3.sst","NO SUCH FILE","Filter: mainmenuback_3_3.sst"
"15:57:41,1860935","Empire Earth.exe","11380","QueryDirectory","E:\Program Files\GOG Games\Empire Earth Gold Edition\Empire Earth\Data\textures\mainmenuback_3_4.sst","NO SUCH FILE","Filter: mainmenuback_3_4.sst"
"15:57:41,1867473","Empire Earth.exe","11380","QueryDirectory","E:\Program Files\GOG Games\Empire Earth Gold Edition\Empire Earth\Data\textures\mainmenuback_3_4.sst","NO SUCH FILE","Filter: mainmenuback_3_4.sst"
"15:57:41,1998143","Empire Earth.exe","11380","QueryDirectory","E:\Program Files\GOG Games\Empire Earth Gold Edition\Empire Earth\Data\textures\eegenericbutton_gold.sst","NO SUCH FILE","Filter: eegenericbutton_gold.sst"
"15:57:41,2001002","Empire Earth.exe","11380","QueryDirectory","E:\Program Files\GOG Games\Empire Earth Gold Edition\Empire Earth\Data\textures\eegenericbutton_gold.sst","NO SUCH FILE","Filter: eegenericbutton_gold.sst"
"15:57:46,3520074","Empire Earth.exe","11380","QueryDirectory","E:\Program Files\GOG Games\Empire Earth Gold Edition\Empire Earth\Data\textures\gametools_1_1.sst","NO SUCH FILE","Filter: gametools_1_1.sst"
"15:57:46,3522562","Empire Earth.exe","11380","QueryDirectory","E:\Program Files\GOG Games\Empire Earth Gold Edition\Empire Earth\Data\textures\gametools_1_1.sst","NO SUCH FILE","Filter: gametools_1_1.sst"
"15:57:46,3820623","Empire Earth.exe","11380","QueryDirectory","E:\Program Files\GOG Games\Empire Earth Gold Edition\Empire Earth\Data\textures\gametools_1_2.sst","NO SUCH FILE","Filter: gametools_1_2.sst"
"15:57:46,3823163","Empire Earth.exe","11380","QueryDirectory","E:\Program Files\GOG Games\Empire Earth Gold Edition\Empire Earth\Data\textures\gametools_1_2.sst","NO SUCH FILE","Filter: gametools_1_2.sst"
"15:57:46,3948608","Empire Earth.exe","11380","QueryDirectory","E:\Program Files\GOG Games\Empire Earth Gold Edition\Empire Earth\Data\textures\gametools_1_3.sst","NO SUCH FILE","Filter: gametools_1_3.sst"
"15:57:46,3954882","Empire Earth.exe","11380","QueryDirectory","E:\Program Files\GOG Games\Empire Earth Gold Edition\Empire Earth\Data\textures\gametools_1_3.sst","NO SUCH FILE","Filter: gametools_1_3.sst"
"15:57:46,4065778","Empire Earth.exe","11380","QueryDirectory","E:\Program Files\GOG Games\Empire Earth Gold Edition\Empire Earth\Data\textures\gametools_1_4.sst","NO SUCH FILE","Filter: gametools_1_4.sst"
"15:57:46,4068718","Empire Earth.exe","11380","QueryDirectory","E:\Program Files\GOG Games\Empire Earth Gold Edition\Empire Earth\Data\textures\gametools_1_4.sst","NO SUCH FILE","Filter: gametools_1_4.sst"
"15:57:46,4209227","Empire Earth.exe","11380","QueryDirectory","E:\Program Files\GOG Games\Empire Earth Gold Edition\Empire Earth\Data\textures\gametools_2_1.sst","NO SUCH FILE","Filter: gametools_2_1.sst"
"15:57:46,4211665","Empire Earth.exe","11380","QueryDirectory","E:\Program Files\GOG Games\Empire Earth Gold Edition\Empire Earth\Data\textures\gametools_2_1.sst","NO SUCH FILE","Filter: gametools_2_1.sst"
"15:57:46,4252587","Empire Earth.exe","11380","QueryDirectory","E:\Program Files\GOG Games\Empire Earth Gold Edition\Empire Earth\Data\textures\gametools_2_2.sst","NO SUCH FILE","Filter: gametools_2_2.sst"
"15:57:46,4255160","Empire Earth.exe","11380","QueryDirectory","E:\Program Files\GOG Games\Empire Earth Gold Edition\Empire Earth\Data\textures\gametools_2_2.sst","NO SUCH FILE","Filter: gametools_2_2.sst"
"15:57:46,4345830","Empire Earth.exe","11380","QueryDirectory","E:\Program Files\GOG Games\Empire Earth Gold Edition\Empire Earth\Data\textures\gametools_2_3.sst","NO SUCH FILE","Filter: gametools_2_3.sst"
"15:57:46,4349129","Empire Earth.exe","11380","QueryDirectory","E:\Program Files\GOG Games\Empire Earth Gold Edition\Empire Earth\Data\textures\gametools_2_3.sst","NO SUCH FILE","Filter: gametools_2_3.sst"
"15:57:46,4567705","Empire Earth.exe","11380","QueryDirectory","E:\Program Files\GOG Games\Empire Earth Gold Edition\Empire Earth\Data\textures\gametools_2_4.sst","NO SUCH FILE","Filter: gametools_2_4.sst"
"15:57:46,4570814","Empire Earth.exe","11380","QueryDirectory","E:\Program Files\GOG Games\Empire Earth Gold Edition\Empire Earth\Data\textures\gametools_2_4.sst","NO SUCH FILE","Filter: gametools_2_4.sst"
"15:57:46,4611660","Empire Earth.exe","11380","QueryDirectory","E:\Program Files\GOG Games\Empire Earth Gold Edition\Empire Earth\Data\textures\gametools_3_1.sst","NO SUCH FILE","Filter: gametools_3_1.sst"
"15:57:46,4614024","Empire Earth.exe","11380","QueryDirectory","E:\Program Files\GOG Games\Empire Earth Gold Edition\Empire Earth\Data\textures\gametools_3_1.sst","NO SUCH FILE","Filter: gametools_3_1.sst"
"15:57:46,4694730","Empire Earth.exe","11380","QueryDirectory","E:\Program Files\GOG Games\Empire Earth Gold Edition\Empire Earth\Data\textures\gametools_3_2.sst","NO SUCH FILE","Filter: gametools_3_2.sst"
"15:57:46,4697139","Empire Earth.exe","11380","QueryDirectory","E:\Program Files\GOG Games\Empire Earth Gold Edition\Empire Earth\Data\textures\gametools_3_2.sst","NO SUCH FILE","Filter: gametools_3_2.sst"
"15:57:46,4777921","Empire Earth.exe","11380","QueryDirectory","E:\Program Files\GOG Games\Empire Earth Gold Edition\Empire Earth\Data\textures\gametools_3_3.sst","NO SUCH FILE","Filter: gametools_3_3.sst"
"15:57:46,4780302","Empire Earth.exe","11380","QueryDirectory","E:\Program Files\GOG Games\Empire Earth Gold Edition\Empire Earth\Data\textures\gametools_3_3.sst","NO SUCH FILE","Filter: gametools_3_3.sst"
"15:57:46,4887884","Empire Earth.exe","11380","QueryDirectory","E:\Program Files\GOG Games\Empire Earth Gold Edition\Empire Earth\Data\textures\gametools_3_4.sst","NO SUCH FILE","Filter: gametools_3_4.sst"
"15:57:46,4890275","Empire Earth.exe","11380","QueryDirectory","E:\Program Files\GOG Games\Empire Earth Gold Edition\Empire Earth\Data\textures\gametools_3_4.sst","NO SUCH FILE","Filter: gametools_3_4.sst"
"15:57:46,9999513","Empire Earth.exe","11380","QueryDirectory","E:\Program Files\GOG Games\Empire Earth Gold Edition\Empire Earth\Data\textures\SE Buttons.sst","NO SUCH FILE","Filter: SE Buttons.sst"
"15:57:47,0002498","Empire Earth.exe","11380","QueryDirectory","E:\Program Files\GOG Games\Empire Earth Gold Edition\Empire Earth\Data\textures\SE Buttons.sst","NO SUCH FILE","Filter: SE Buttons.sst"
"15:57:47,0108667","Empire Earth.exe","11380","QueryDirectory","E:\Program Files\GOG Games\Empire Earth Gold Edition\Empire Earth\Data\textures\scenpart.sst","NO SUCH FILE","Filter: scenpart.sst"
"15:57:47,0111630","Empire Earth.exe","11380","QueryDirectory","E:\Program Files\GOG Games\Empire Earth Gold Edition\Empire Earth\Data\textures\scenpart.sst","NO SUCH FILE","Filter: scenpart.sst"
"15:57:47,0426387","Empire Earth.exe","11380","QueryDirectory","E:\Program Files\GOG Games\Empire Earth Gold Edition\Empire Earth\Data\textures\BaseGrass_1_1.sst","NO SUCH FILE","Filter: BaseGrass_1_1.sst"
"15:57:47,0429734","Empire Earth.exe","11380","QueryDirectory","E:\Program Files\GOG Games\Empire Earth Gold Edition\Empire Earth\Data\textures\BaseGrass_1_1.sst","NO SUCH FILE","Filter: BaseGrass_1_1.sst"
"15:57:47,0445448","Empire Earth.exe","11380","QueryDirectory","E:\Program Files\GOG Games\Empire Earth Gold Edition\Empire Earth\Data\textures\button_beach.sst","NO SUCH FILE","Filter: button_beach.sst"
"15:57:47,0449194","Empire Earth.exe","11380","QueryDirectory","E:\Program Files\GOG Games\Empire Earth Gold Edition\Empire Earth\Data\textures\button_beach.sst","NO SUCH FILE","Filter: button_beach.sst"
"15:57:47,0456642","Empire Earth.exe","11380","QueryDirectory","E:\Program Files\GOG Games\Empire Earth Gold Edition\Empire Earth\Data\textures\SandyBeach_1_1.sst","NO SUCH FILE","Filter: SandyBeach_1_1.sst"
"15:57:47,0462926","Empire Earth.exe","11380","QueryDirectory","E:\Program Files\GOG Games\Empire Earth Gold Edition\Empire Earth\Data\textures\SandyBeach_1_1.sst","NO SUCH FILE","Filter: SandyBeach_1_1.sst"
"15:57:47,0489530","Empire Earth.exe","11380","QueryDirectory","E:\Program Files\GOG Games\Empire Earth Gold Edition\Empire Earth\Data\textures\grasspatch_1_1.sst","NO SUCH FILE","Filter: grasspatch_1_1.sst"
"15:57:47,0492552","Empire Earth.exe","11380","QueryDirectory","E:\Program Files\GOG Games\Empire Earth Gold Edition\Empire Earth\Data\textures\grasspatch_1_1.sst","NO SUCH FILE","Filter: grasspatch_1_1.sst"
"15:57:47,0517588","Empire Earth.exe","11380","QueryDirectory","E:\Program Files\GOG Games\Empire Earth Gold Edition\Empire Earth\Data\textures\button_woodlands.sst","NO SUCH FILE","Filter: button_woodlands.sst"
"15:57:47,0522380","Empire Earth.exe","11380","QueryDirectory","E:\Program Files\GOG Games\Empire Earth Gold Edition\Empire Earth\Data\textures\button_woodlands.sst","NO SUCH FILE","Filter: button_woodlands.sst"
"15:57:47,0527932","Empire Earth.exe","11380","QueryDirectory","E:\Program Files\GOG Games\Empire Earth Gold Edition\Empire Earth\Data\textures\GrassTufts_1_1.sst","NO SUCH FILE","Filter: GrassTufts_1_1.sst"
"15:57:47,0530643","Empire Earth.exe","11380","QueryDirectory","E:\Program Files\GOG Games\Empire Earth Gold Edition\Empire Earth\Data\textures\GrassTufts_1_1.sst","NO SUCH FILE","Filter: GrassTufts_1_1.sst"
"15:57:47,0544367","Empire Earth.exe","11380","QueryDirectory","E:\Program Files\GOG Games\Empire Earth Gold Edition\Empire Earth\Data\textures\Rock_2_1.sst","NO SUCH FILE","Filter: Rock_2_1.sst"
"15:57:47,0547354","Empire Earth.exe","11380","QueryDirectory","E:\Program Files\GOG Games\Empire Earth Gold Edition\Empire Earth\Data\textures\Rock_2_1.sst","NO SUCH FILE","Filter: Rock_2_1.sst"
"15:57:47,0563769","Empire Earth.exe","11380","QueryDirectory","E:\Program Files\GOG Games\Empire Earth Gold Edition\Empire Earth\Data\textures\button_desert.sst","NO SUCH FILE","Filter: button_desert.sst"
"15:57:47,0570634","Empire Earth.exe","11380","QueryDirectory","E:\Program Files\GOG Games\Empire Earth Gold Edition\Empire Earth\Data\textures\button_desert.sst","NO SUCH FILE","Filter: button_desert.sst"
"15:57:47,0581449","Empire Earth.exe","11380","QueryDirectory","E:\Program Files\GOG Games\Empire Earth Gold Edition\Empire Earth\Data\textures\Ice_1_1.sst","NO SUCH FILE","Filter: Ice_1_1.sst"
"15:57:47,0585398","Empire Earth.exe","11380","QueryDirectory","E:\Program Files\GOG Games\Empire Earth Gold Edition\Empire Earth\Data\textures\Ice_1_1.sst","NO SUCH FILE","Filter: Ice_1_1.sst"
"15:57:47,0610748","Empire Earth.exe","11380","QueryDirectory","E:\Program Files\GOG Games\Empire Earth Gold Edition\Empire Earth\Data\textures\overgrowngrass_1_1.sst","NO SUCH FILE","Filter: overgrowngrass_1_1.sst"
"15:57:47,0613525","Empire Earth.exe","11380","QueryDirectory","E:\Program Files\GOG Games\Empire Earth Gold Edition\Empire Earth\Data\textures\overgrowngrass_1_1.sst","NO SUCH FILE","Filter: overgrowngrass_1_1.sst"
"15:57:47,0745444","Empire Earth.exe","11380","QueryDirectory","E:\Program Files\GOG Games\Empire Earth Gold Edition\Empire Earth\Data\textures\BCrackedMud_1_1.sst","NO SUCH FILE","Filter: BCrackedMud_1_1.sst"
"15:57:47,0751847","Empire Earth.exe","11380","QueryDirectory","E:\Program Files\GOG Games\Empire Earth Gold Edition\Empire Earth\Data\textures\BCrackedMud_1_1.sst","NO SUCH FILE","Filter: BCrackedMud_1_1.sst"
"15:57:47,0807513","Empire Earth.exe","11380","QueryDirectory","E:\Program Files\GOG Games\Empire Earth Gold Edition\Empire Earth\Data\textures\Marsh_1_1.sst","NO SUCH FILE","Filter: Marsh_1_1.sst"
"15:57:47,0809977","Empire Earth.exe","11380","QueryDirectory","E:\Program Files\GOG Games\Empire Earth Gold Edition\Empire Earth\Data\textures\Marsh_1_1.sst","NO SUCH FILE","Filter: Marsh_1_1.sst"
"15:57:47,0862870","Empire Earth.exe","11380","QueryDirectory","E:\Program Files\GOG Games\Empire Earth Gold Edition\Empire Earth\Data\textures\Asphalt_1_1.sst","NO SUCH FILE","Filter: Asphalt_1_1.sst"
"15:57:47,0866095","Empire Earth.exe","11380","QueryDirectory","E:\Program Files\GOG Games\Empire Earth Gold Edition\Empire Earth\Data\textures\Asphalt_1_1.sst","NO SUCH FILE","Filter: Asphalt_1_1.sst"
"15:57:47,0898050","Empire Earth.exe","11380","QueryDirectory","E:\Program Files\GOG Games\Empire Earth Gold Edition\Empire Earth\Data\textures\DriedLeaves_1_1.sst","NO SUCH FILE","Filter: DriedLeaves_1_1.sst"
"15:57:47,0903020","Empire Earth.exe","11380","QueryDirectory","E:\Program Files\GOG Games\Empire Earth Gold Edition\Empire Earth\Data\textures\DriedLeaves_1_1.sst","NO SUCH FILE","Filter: DriedLeaves_1_1.sst"
"15:57:47,0983874","Empire Earth.exe","11380","QueryDirectory","E:\Program Files\GOG Games\Empire Earth Gold Edition\Empire Earth\Data\textures\Underwater_1_1.sst","NO SUCH FILE","Filter: Underwater_1_1.sst"
"15:57:47,0989692","Empire Earth.exe","11380","QueryDirectory","E:\Program Files\GOG Games\Empire Earth Gold Edition\Empire Earth\Data\textures\Underwater_1_1.sst","NO SUCH FILE","Filter: Underwater_1_1.sst"
"15:57:47,1032080","Empire Earth.exe","11380","QueryDirectory","E:\Program Files\GOG Games\Empire Earth Gold Edition\Empire Earth\Data\textures\SnowTufts_1_1.sst","NO SUCH FILE","Filter: SnowTufts_1_1.sst"
"15:57:47,1035047","Empire Earth.exe","11380","QueryDirectory","E:\Program Files\GOG Games\Empire Earth Gold Edition\Empire Earth\Data\textures\SnowTufts_1_1.sst","NO SUCH FILE","Filter: SnowTufts_1_1.sst"
"15:57:47,1133024","Empire Earth.exe","11380","QueryDirectory","E:\Program Files\GOG Games\Empire Earth Gold Edition\Empire Earth\Data\textures\button_tree.sst","NO SUCH FILE","Filter: button_tree.sst"
"15:57:47,1136245","Empire Earth.exe","11380","QueryDirectory","E:\Program Files\GOG Games\Empire Earth Gold Edition\Empire Earth\Data\textures\button_tree.sst","NO SUCH FILE","Filter: button_tree.sst"
"15:57:47,1140997","Empire Earth.exe","11380","QueryDirectory","E:\Program Files\GOG Games\Empire Earth Gold Edition\Empire Earth\Data\textures\but_stinger_10T.sst","NO SUCH FILE","Filter: but_stinger_10T.sst"
"15:57:47,1146303","Empire Earth.exe","11380","QueryDirectory","E:\Program Files\GOG Games\Empire Earth Gold Edition\Empire Earth\Data\textures\but_stinger_10T.sst","NO SUCH FILE","Filter: but_stinger_10T.sst"
"15:57:47,1157738","Empire Earth.exe","11380","QueryDirectory","E:\Program Files\GOG Games\Empire Earth Gold Edition\Empire Earth\Data\textures\Stoneroad_2_1.sst","NO SUCH FILE","Filter: Stoneroad_2_1.sst"
"15:57:47,1160187","Empire Earth.exe","11380","QueryDirectory","E:\Program Files\GOG Games\Empire Earth Gold Edition\Empire Earth\Data\textures\Stoneroad_2_1.sst","NO SUCH FILE","Filter: Stoneroad_2_1.sst"
"15:57:47,1260404","Empire Earth.exe","11380","QueryDirectory","E:\Program Files\GOG Games\Empire Earth Gold Edition\Empire Earth\Data\textures\Bricks_1_1.sst","NO SUCH FILE","Filter: Bricks_1_1.sst"
"15:57:47,1264310","Empire Earth.exe","11380","QueryDirectory","E:\Program Files\GOG Games\Empire Earth Gold Edition\Empire Earth\Data\textures\Bricks_1_1.sst","NO SUCH FILE","Filter: Bricks_1_1.sst"
"15:57:47,1339828","Empire Earth.exe","11380","QueryDirectory","E:\Program Files\GOG Games\Empire Earth Gold Edition\Empire Earth\Data\textures\Pavement_1_1.sst","NO SUCH FILE","Filter: Pavement_1_1.sst"
"15:57:47,1342834","Empire Earth.exe","11380","QueryDirectory","E:\Program Files\GOG Games\Empire Earth Gold Edition\Empire Earth\Data\textures\Pavement_1_1.sst","NO SUCH FILE","Filter: Pavement_1_1.sst"
"15:57:47,1371157","Empire Earth.exe","11380","QueryDirectory","E:\Program Files\GOG Games\Empire Earth Gold Edition\Empire Earth\Data\textures\White_2_1.sst","NO SUCH FILE","Filter: White_2_1.sst"
"15:57:47,1375822","Empire Earth.exe","11380","QueryDirectory","E:\Program Files\GOG Games\Empire Earth Gold Edition\Empire Earth\Data\textures\White_2_1.sst","NO SUCH FILE","Filter: White_2_1.sst"
"15:57:47,1390493","Empire Earth.exe","11380","QueryDirectory","E:\Program Files\GOG Games\Empire Earth Gold Edition\Empire Earth\Data\textures\Plaza_1_1.sst","NO SUCH FILE","Filter: Plaza_1_1.sst"
"15:57:47,1396952","Empire Earth.exe","11380","QueryDirectory","E:\Program Files\GOG Games\Empire Earth Gold Edition\Empire Earth\Data\textures\Plaza_1_1.sst","NO SUCH FILE","Filter: Plaza_1_1.sst"
"15:57:47,1485777","Empire Earth.exe","11380","QueryDirectory","E:\Program Files\GOG Games\Empire Earth Gold Edition\Empire Earth\Data\textures\RockySand_1_1.sst","NO SUCH FILE","Filter: RockySand_1_1.sst"
"15:57:47,1491270","Empire Earth.exe","11380","QueryDirectory","E:\Program Files\GOG Games\Empire Earth Gold Edition\Empire Earth\Data\textures\RockySand_1_1.sst","NO SUCH FILE","Filter: RockySand_1_1.sst"
"15:57:47,1541919","Empire Earth.exe","11380","QueryDirectory","E:\Program Files\GOG Games\Empire Earth Gold Edition\Empire Earth\Data\textures\Water_Ocean_1.sst","NO SUCH FILE","Filter: Water_Ocean_1.sst"
"15:57:47,1549212","Empire Earth.exe","11380","QueryDirectory","E:\Program Files\GOG Games\Empire Earth Gold Edition\Empire Earth\Data\textures\Water_Ocean_1.sst","NO SUCH FILE","Filter: Water_Ocean_1.sst"
"15:57:47,1562126","Empire Earth.exe","11380","QueryDirectory","E:\Program Files\GOG Games\Empire Earth Gold Edition\Empire Earth\Data\textures\Cliff_1_1.sst","NO SUCH FILE","Filter: Cliff_1_1.sst"
"15:57:47,1565490","Empire Earth.exe","11380","QueryDirectory","E:\Program Files\GOG Games\Empire Earth Gold Edition\Empire Earth\Data\textures\Cliff_1_1.sst","NO SUCH FILE","Filter: Cliff_1_1.sst"
"15:57:47,1590244","Empire Earth.exe","11380","QueryDirectory","E:\Program Files\GOG Games\Empire Earth Gold Edition\Empire Earth\Data\textures\Cliff_2_1.sst","NO SUCH FILE","Filter: Cliff_2_1.sst"
"15:57:47,1593282","Empire Earth.exe","11380","QueryDirectory","E:\Program Files\GOG Games\Empire Earth Gold Edition\Empire Earth\Data\textures\Cliff_2_1.sst","NO SUCH FILE","Filter: Cliff_2_1.sst"
"15:57:47,1626965","Empire Earth.exe","11380","QueryDirectory","E:\Program Files\GOG Games\Empire Earth Gold Edition\Empire Earth\Data\textures\TCrackedMud_1_1.sst","NO SUCH FILE","Filter: TCrackedMud_1_1.sst"
"15:57:47,1630611","Empire Earth.exe","11380","QueryDirectory","E:\Program Files\GOG Games\Empire Earth Gold Edition\Empire Earth\Data\textures\TCrackedMud_1_1.sst","NO SUCH FILE","Filter: TCrackedMud_1_1.sst"
"15:57:47,1735575","Empire Earth.exe","11380","QueryDirectory","E:\Program Files\GOG Games\Empire Earth Gold Edition\Empire Earth\Data\textures\Grass_6_1.sst","NO SUCH FILE","Filter: Grass_6_1.sst"
"15:57:47,1743615","Empire Earth.exe","11380","QueryDirectory","E:\Program Files\GOG Games\Empire Earth Gold Edition\Empire Earth\Data\textures\Grass_6_1.sst","NO SUCH FILE","Filter: Grass_6_1.sst"
"15:57:47,1757600","Empire Earth.exe","11380","QueryDirectory","E:\Program Files\GOG Games\Empire Earth Gold Edition\Empire Earth\Data\textures\Smoothstones_1_1.sst","NO SUCH FILE","Filter: Smoothstones_1_1.sst"
"15:57:47,1764023","Empire Earth.exe","11380","QueryDirectory","E:\Program Files\GOG Games\Empire Earth Gold Edition\Empire Earth\Data\textures\Smoothstones_1_1.sst","NO SUCH FILE","Filter: Smoothstones_1_1.sst"
"15:57:47,1785908","Empire Earth.exe","11380","QueryDirectory","E:\Program Files\GOG Games\Empire Earth Gold Edition\Empire Earth\Data\textures\Sparsegrass_1_1.sst","NO SUCH FILE","Filter: Sparsegrass_1_1.sst"
"15:57:47,1788907","Empire Earth.exe","11380","QueryDirectory","E:\Program Files\GOG Games\Empire Earth Gold Edition\Empire Earth\Data\textures\Sparsegrass_1_1.sst","NO SUCH FILE","Filter: Sparsegrass_1_1.sst"
"15:57:47,1804024","Empire Earth.exe","11380","QueryDirectory","E:\Program Files\GOG Games\Empire Earth Gold Edition\Empire Earth\Data\textures\Finesand_1_1.sst","NO SUCH FILE","Filter: Finesand_1_1.sst"
"15:57:47,1808212","Empire Earth.exe","11380","QueryDirectory","E:\Program Files\GOG Games\Empire Earth Gold Edition\Empire Earth\Data\textures\Finesand_1_1.sst","NO SUCH FILE","Filter: Finesand_1_1.sst"
"15:57:47,1946288","Empire Earth.exe","11380","QueryDirectory","E:\Program Files\GOG Games\Empire Earth Gold Edition\Empire Earth\Data\textures\Pebbles_1_1.sst","NO SUCH FILE","Filter: Pebbles_1_1.sst"
"15:57:47,1949497","Empire Earth.exe","11380","QueryDirectory","E:\Program Files\GOG Games\Empire Earth Gold Edition\Empire Earth\Data\textures\Pebbles_1_1.sst","NO SUCH FILE","Filter: Pebbles_1_1.sst"
"15:57:47,1988438","Empire Earth.exe","11380","QueryDirectory","E:\Program Files\GOG Games\Empire Earth Gold Edition\Empire Earth\Data\textures\Longgrass_1_1.sst","NO SUCH FILE","Filter: Longgrass_1_1.sst"
"15:57:47,1994814","Empire Earth.exe","11380","QueryDirectory","E:\Program Files\GOG Games\Empire Earth Gold Edition\Empire Earth\Data\textures\Longgrass_1_1.sst","NO SUCH FILE","Filter: Longgrass_1_1.sst"
"15:57:47,2015548","Empire Earth.exe","11380","QueryDirectory","E:\Program Files\GOG Games\Empire Earth Gold Edition\Empire Earth\Data\textures\Rock_1_1.sst","NO SUCH FILE","Filter: Rock_1_1.sst"
"15:57:47,2022612","Empire Earth.exe","11380","QueryDirectory","E:\Program Files\GOG Games\Empire Earth Gold Edition\Empire Earth\Data\textures\Rock_1_1.sst","NO SUCH FILE","Filter: Rock_1_1.sst"
"15:57:47,2074196","Empire Earth.exe","11380","QueryDirectory","E:\Program Files\GOG Games\Empire Earth Gold Edition\Empire Earth\Data\textures\Stones_1_1.sst","NO SUCH FILE","Filter: Stones_1_1.sst"
"15:57:47,2080967","Empire Earth.exe","11380","QueryDirectory","E:\Program Files\GOG Games\Empire Earth Gold Edition\Empire Earth\Data\textures\Stones_1_1.sst","NO SUCH FILE","Filter: Stones_1_1.sst"
"15:57:47,2104149","Empire Earth.exe","11380","QueryDirectory","E:\Program Files\GOG Games\Empire Earth Gold Edition\Empire Earth\Data\textures\Snow_1_1.sst","NO SUCH FILE","Filter: Snow_1_1.sst"
"15:57:47,2106637","Empire Earth.exe","11380","QueryDirectory","E:\Program Files\GOG Games\Empire Earth Gold Edition\Empire Earth\Data\textures\Snow_1_1.sst","NO SUCH FILE","Filter: Snow_1_1.sst"
"15:57:47,2128649","Empire Earth.exe","11380","QueryDirectory","E:\Program Files\GOG Games\Empire Earth Gold Edition\Empire Earth\Data\textures\Snowgrass_1_1.sst","NO SUCH FILE","Filter: Snowgrass_1_1.sst"
"15:57:47,2131025","Empire Earth.exe","11380","QueryDirectory","E:\Program Files\GOG Games\Empire Earth Gold Edition\Empire Earth\Data\textures\Snowgrass_1_1.sst","NO SUCH FILE","Filter: Snowgrass_1_1.sst"
"15:57:47,2233042","Empire Earth.exe","11380","QueryDirectory","E:\Program Files\GOG Games\Empire Earth Gold Edition\Empire Earth\Data\textures\Snowdirt_1_1.sst","NO SUCH FILE","Filter: Snowdirt_1_1.sst"
"15:57:47,2239302","Empire Earth.exe","11380","QueryDirectory","E:\Program Files\GOG Games\Empire Earth Gold Edition\Empire Earth\Data\textures\Snowdirt_1_1.sst","NO SUCH FILE","Filter: Snowdirt_1_1.sst"
"15:57:47,2289692","Empire Earth.exe","11380","QueryDirectory","E:\Program Files\GOG Games\Empire Earth Gold Edition\Empire Earth\Data\textures\Marbletiles_1_1.sst","NO SUCH FILE","Filter: Marbletiles_1_1.sst"
"15:57:47,2295830","Empire Earth.exe","11380","QueryDirectory","E:\Program Files\GOG Games\Empire Earth Gold Edition\Empire Earth\Data\textures\Marbletiles_1_1.sst","NO SUCH FILE","Filter: Marbletiles_1_1.sst"
"15:57:47,2390668","Empire Earth.exe","11380","QueryDirectory","E:\Program Files\GOG Games\Empire Earth Gold Edition\Empire Earth\Data\textures\Paleostones_1_1.sst","NO SUCH FILE","Filter: Paleostones_1_1.sst"
"15:57:47,2397648","Empire Earth.exe","11380","QueryDirectory","E:\Program Files\GOG Games\Empire Earth Gold Edition\Empire Earth\Data\textures\Paleostones_1_1.sst","NO SUCH FILE","Filter: Paleostones_1_1.sst"
"15:57:47,2417285","Empire Earth.exe","11380","QueryDirectory","E:\Program Files\GOG Games\Empire Earth Gold Edition\Empire Earth\Data\textures\Cobblestones_1_1.sst","NO SUCH FILE","Filter: Cobblestones_1_1.sst"
"15:57:47,2419711","Empire Earth.exe","11380","QueryDirectory","E:\Program Files\GOG Games\Empire Earth Gold Edition\Empire Earth\Data\textures\Cobblestones_1_1.sst","NO SUCH FILE","Filter: Cobblestones_1_1.sst"
"15:57:47,2548998","Empire Earth.exe","11380","QueryDirectory","E:\Program Files\GOG Games\Empire Earth Gold Edition\Empire Earth\Data\textures\Techplates_1_1.sst","NO SUCH FILE","Filter: Techplates_1_1.sst"
"15:57:47,2551499","Empire Earth.exe","11380","QueryDirectory","E:\Program Files\GOG Games\Empire Earth Gold Edition\Empire Earth\Data\textures\Techplates_1_1.sst","NO SUCH FILE","Filter: Techplates_1_1.sst"
"15:57:47,2580316","Empire Earth.exe","11380","QueryDirectory","E:\Program Files\GOG Games\Empire Earth Gold Edition\Empire Earth\Data\textures\Cliffwinter_1_1.sst","NO SUCH FILE","Filter: Cliffwinter_1_1.sst"
"15:57:47,2583097","Empire Earth.exe","11380","QueryDirectory","E:\Program Files\GOG Games\Empire Earth Gold Edition\Empire Earth\Data\textures\Cliffwinter_1_1.sst","NO SUCH FILE","Filter: Cliffwinter_1_1.sst"
"15:57:47,2650522","Empire Earth.exe","11380","QueryDirectory","E:\Program Files\GOG Games\Empire Earth Gold Edition\Empire Earth\Data\textures\Cliffwinter_2_1.sst","NO SUCH FILE","Filter: Cliffwinter_2_1.sst"
"15:57:47,2653113","Empire Earth.exe","11380","QueryDirectory","E:\Program Files\GOG Games\Empire Earth Gold Edition\Empire Earth\Data\textures\Cliffwinter_2_1.sst","NO SUCH FILE","Filter: Cliffwinter_2_1.sst"
"15:57:47,2690946","Empire Earth.exe","11380","QueryDirectory","E:\Program Files\GOG Games\Empire Earth Gold Edition\Empire Earth\Data\textures\Cliff_11_1.sst","NO SUCH FILE","Filter: Cliff_11_1.sst"
"15:57:47,2693409","Empire Earth.exe","11380","QueryDirectory","E:\Program Files\GOG Games\Empire Earth Gold Edition\Empire Earth\Data\textures\Cliff_11_1.sst","NO SUCH FILE","Filter: Cliff_11_1.sst"
"15:57:47,2778173","Empire Earth.exe","11380","QueryDirectory","E:\Program Files\GOG Games\Empire Earth Gold Edition\Empire Earth\Data\textures\Cliff_12_1.sst","NO SUCH FILE","Filter: Cliff_12_1.sst"
"15:57:47,2780688","Empire Earth.exe","11380","QueryDirectory","E:\Program Files\GOG Games\Empire Earth Gold Edition\Empire Earth\Data\textures\Cliff_12_1.sst","NO SUCH FILE","Filter: Cliff_12_1.sst"
"15:57:47,2831884","Empire Earth.exe","11380","QueryDirectory","E:\Program Files\GOG Games\Empire Earth Gold Edition\Empire Earth\Data\textures\Unit Facing Arrow.sst","NO SUCH FILE","Filter: Unit Facing Arrow.sst"
"15:57:47,2834662","Empire Earth.exe","11380","QueryDirectory","E:\Program Files\GOG Games\Empire Earth Gold Edition\Empire Earth\Data\textures\Unit Facing Arrow.sst","NO SUCH FILE","Filter: Unit Facing Arrow.sst"
"15:57:47,2844794","Empire Earth.exe","11380","QueryDirectory","E:\Program Files\GOG Games\Empire Earth Gold Edition\Empire Earth\Data\textures\scenunit.sst","NO SUCH FILE","Filter: scenunit.sst"
"15:57:47,2849828","Empire Earth.exe","11380","QueryDirectory","E:\Program Files\GOG Games\Empire Earth Gold Edition\Empire Earth\Data\textures\scenunit.sst","NO SUCH FILE","Filter: scenunit.sst"
"15:57:50,6001077","Empire Earth.exe","11380","QueryDirectory","E:\Program Files\GOG Games\Empire Earth Gold Edition\Empire Earth\Data\textures\Asphalt_1_1.sst","NO SUCH FILE","Filter: Asphalt_1_1.sst"
"15:57:50,6003975","Empire Earth.exe","11380","QueryDirectory","E:\Program Files\GOG Games\Empire Earth Gold Edition\Empire Earth\Data\textures\Asphalt_1_1.sst","NO SUCH FILE","Filter: Asphalt_1_1.sst"
"15:57:50,6027604","Empire Earth.exe","11380","QueryDirectory","E:\Program Files\GOG Games\Empire Earth Gold Edition\Empire Earth\Data\textures\BCrackedMud_1_1.sst","NO SUCH FILE","Filter: BCrackedMud_1_1.sst"
"15:57:50,6030400","Empire Earth.exe","11380","QueryDirectory","E:\Program Files\GOG Games\Empire Earth Gold Edition\Empire Earth\Data\textures\BCrackedMud_1_1.sst","NO SUCH FILE","Filter: BCrackedMud_1_1.sst"
"15:57:50,6063970","Empire Earth.exe","11380","QueryDirectory","E:\Program Files\GOG Games\Empire Earth Gold Edition\Empire Earth\Data\textures\BaseGrass_1_1.sst","NO SUCH FILE","Filter: BaseGrass_1_1.sst"
"15:57:50,6069294","Empire Earth.exe","11380","QueryDirectory","E:\Program Files\GOG Games\Empire Earth Gold Edition\Empire Earth\Data\textures\BaseGrass_1_1.sst","NO SUCH FILE","Filter: BaseGrass_1_1.sst"
"15:57:50,6101142","Empire Earth.exe","11380","QueryDirectory","E:\Program Files\GOG Games\Empire Earth Gold Edition\Empire Earth\Data\textures\Bricks_1_1.sst","NO SUCH FILE","Filter: Bricks_1_1.sst"
"15:57:50,6104131","Empire Earth.exe","11380","QueryDirectory","E:\Program Files\GOG Games\Empire Earth Gold Edition\Empire Earth\Data\textures\Bricks_1_1.sst","NO SUCH FILE","Filter: Bricks_1_1.sst"
"15:57:50,6129816","Empire Earth.exe","11380","QueryDirectory","E:\Program Files\GOG Games\Empire Earth Gold Edition\Empire Earth\Data\textures\Cliff_11_1.sst","NO SUCH FILE","Filter: Cliff_11_1.sst"
"15:57:50,6132644","Empire Earth.exe","11380","QueryDirectory","E:\Program Files\GOG Games\Empire Earth Gold Edition\Empire Earth\Data\textures\Cliff_11_1.sst","NO SUCH FILE","Filter: Cliff_11_1.sst"
"15:57:50,6158236","Empire Earth.exe","11380","QueryDirectory","E:\Program Files\GOG Games\Empire Earth Gold Edition\Empire Earth\Data\textures\Cliff_12_1.sst","NO SUCH FILE","Filter: Cliff_12_1.sst"
"15:57:50,6161134","Empire Earth.exe","11380","QueryDirectory","E:\Program Files\GOG Games\Empire Earth Gold Edition\Empire Earth\Data\textures\Cliff_12_1.sst","NO SUCH FILE","Filter: Cliff_12_1.sst"
"15:57:50,6185570","Empire Earth.exe","11380","QueryDirectory","E:\Program Files\GOG Games\Empire Earth Gold Edition\Empire Earth\Data\textures\Cliff_1_1.sst","NO SUCH FILE","Filter: Cliff_1_1.sst"
"15:57:50,6188421","Empire Earth.exe","11380","QueryDirectory","E:\Program Files\GOG Games\Empire Earth Gold Edition\Empire Earth\Data\textures\Cliff_1_1.sst","NO SUCH FILE","Filter: Cliff_1_1.sst"
"15:57:50,6216121","Empire Earth.exe","11380","QueryDirectory","E:\Program Files\GOG Games\Empire Earth Gold Edition\Empire Earth\Data\textures\Cliff_2_1.sst","NO SUCH FILE","Filter: Cliff_2_1.sst"
"15:57:50,6220391","Empire Earth.exe","11380","QueryDirectory","E:\Program Files\GOG Games\Empire Earth Gold Edition\Empire Earth\Data\textures\Cliff_2_1.sst","NO SUCH FILE","Filter: Cliff_2_1.sst"
"15:57:50,6254201","Empire Earth.exe","11380","QueryDirectory","E:\Program Files\GOG Games\Empire Earth Gold Edition\Empire Earth\Data\textures\Cliffwinter_1_1.sst","NO SUCH FILE","Filter: Cliffwinter_1_1.sst"
"15:57:50,6262165","Empire Earth.exe","11380","QueryDirectory","E:\Program Files\GOG Games\Empire Earth Gold Edition\Empire Earth\Data\textures\Cliffwinter_1_1.sst","NO SUCH FILE","Filter: Cliffwinter_1_1.sst"
"15:57:50,6289595","Empire Earth.exe","11380","QueryDirectory","E:\Program Files\GOG Games\Empire Earth Gold Edition\Empire Earth\Data\textures\Cliffwinter_2_1.sst","NO SUCH FILE","Filter: Cliffwinter_2_1.sst"
"15:57:50,6292383","Empire Earth.exe","11380","QueryDirectory","E:\Program Files\GOG Games\Empire Earth Gold Edition\Empire Earth\Data\textures\Cliffwinter_2_1.sst","NO SUCH FILE","Filter: Cliffwinter_2_1.sst"
"15:57:50,6314566","Empire Earth.exe","11380","QueryDirectory","E:\Program Files\GOG Games\Empire Earth Gold Edition\Empire Earth\Data\textures\Cobblestones_1_1.sst","NO SUCH FILE","Filter: Cobblestones_1_1.sst"
"15:57:50,6317220","Empire Earth.exe","11380","QueryDirectory","E:\Program Files\GOG Games\Empire Earth Gold Edition\Empire Earth\Data\textures\Cobblestones_1_1.sst","NO SUCH FILE","Filter: Cobblestones_1_1.sst"
"15:57:50,6330648","Empire Earth.exe","11380","QueryDirectory","E:\Program Files\GOG Games\Empire Earth Gold Edition\Empire Earth\Data\textures\DriedLeaves_1_1.sst","NO SUCH FILE","Filter: DriedLeaves_1_1.sst"
"15:57:50,6333274","Empire Earth.exe","11380","QueryDirectory","E:\Program Files\GOG Games\Empire Earth Gold Edition\Empire Earth\Data\textures\DriedLeaves_1_1.sst","NO SUCH FILE","Filter: DriedLeaves_1_1.sst"
"15:57:50,6347229","Empire Earth.exe","11380","QueryDirectory","E:\Program Files\GOG Games\Empire Earth Gold Edition\Empire Earth\Data\textures\Finesand_1_1.sst","NO SUCH FILE","Filter: Finesand_1_1.sst"
"15:57:50,6350373","Empire Earth.exe","11380","QueryDirectory","E:\Program Files\GOG Games\Empire Earth Gold Edition\Empire Earth\Data\textures\Finesand_1_1.sst","NO SUCH FILE","Filter: Finesand_1_1.sst"
"15:57:50,6379152","Empire Earth.exe","11380","QueryDirectory","E:\Program Files\GOG Games\Empire Earth Gold Edition\Empire Earth\Data\textures\GrassTufts_1_1.sst","NO SUCH FILE","Filter: GrassTufts_1_1.sst"
"15:57:50,6382188","Empire Earth.exe","11380","QueryDirectory","E:\Program Files\GOG Games\Empire Earth Gold Edition\Empire Earth\Data\textures\GrassTufts_1_1.sst","NO SUCH FILE","Filter: GrassTufts_1_1.sst"
"15:57:50,6398093","Empire Earth.exe","11380","QueryDirectory","E:\Program Files\GOG Games\Empire Earth Gold Edition\Empire Earth\Data\textures\Grass_6_1.sst","NO SUCH FILE","Filter: Grass_6_1.sst"
"15:57:50,6400991","Empire Earth.exe","11380","QueryDirectory","E:\Program Files\GOG Games\Empire Earth Gold Edition\Empire Earth\Data\textures\Grass_6_1.sst","NO SUCH FILE","Filter: Grass_6_1.sst"
"15:57:50,6408466","Empire Earth.exe","11380","QueryDirectory","E:\Program Files\GOG Games\Empire Earth Gold Edition\Empire Earth\Data\textures\Ice_1_1.sst","NO SUCH FILE","Filter: Ice_1_1.sst"
"15:57:50,6411372","Empire Earth.exe","11380","QueryDirectory","E:\Program Files\GOG Games\Empire Earth Gold Edition\Empire Earth\Data\textures\Ice_1_1.sst","NO SUCH FILE","Filter: Ice_1_1.sst"
"15:57:50,6444086","Empire Earth.exe","11380","QueryDirectory","E:\Program Files\GOG Games\Empire Earth Gold Edition\Empire Earth\Data\textures\Longgrass_1_1.sst","NO SUCH FILE","Filter: Longgrass_1_1.sst"
"15:57:50,6450899","Empire Earth.exe","11380","QueryDirectory","E:\Program Files\GOG Games\Empire Earth Gold Edition\Empire Earth\Data\textures\Longgrass_1_1.sst","NO SUCH FILE","Filter: Longgrass_1_1.sst"
"15:57:50,6481201","Empire Earth.exe","11380","QueryDirectory","E:\Program Files\GOG Games\Empire Earth Gold Edition\Empire Earth\Data\textures\Marbletiles_1_1.sst","NO SUCH FILE","Filter: Marbletiles_1_1.sst"
"15:57:50,6487783","Empire Earth.exe","11380","QueryDirectory","E:\Program Files\GOG Games\Empire Earth Gold Edition\Empire Earth\Data\textures\Marbletiles_1_1.sst","NO SUCH FILE","Filter: Marbletiles_1_1.sst"
"15:57:50,6517278","Empire Earth.exe","11380","QueryDirectory","E:\Program Files\GOG Games\Empire Earth Gold Edition\Empire Earth\Data\textures\Marsh_1_1.sst","NO SUCH FILE","Filter: Marsh_1_1.sst"
"15:57:50,6523627","Empire Earth.exe","11380","QueryDirectory","E:\Program Files\GOG Games\Empire Earth Gold Edition\Empire Earth\Data\textures\Marsh_1_1.sst","NO SUCH FILE","Filter: Marsh_1_1.sst"
"15:57:50,6565694","Empire Earth.exe","11380","QueryDirectory","E:\Program Files\GOG Games\Empire Earth Gold Edition\Empire Earth\Data\textures\Paleostones_1_1.sst","NO SUCH FILE","Filter: Paleostones_1_1.sst"
"15:57:50,6568631","Empire Earth.exe","11380","QueryDirectory","E:\Program Files\GOG Games\Empire Earth Gold Edition\Empire Earth\Data\textures\Paleostones_1_1.sst","NO SUCH FILE","Filter: Paleostones_1_1.sst"
"15:57:50,6585265","Empire Earth.exe","11380","QueryDirectory","E:\Program Files\GOG Games\Empire Earth Gold Edition\Empire Earth\Data\textures\Pavement_1_1.sst","NO SUCH FILE","Filter: Pavement_1_1.sst"
"15:57:50,6593582","Empire Earth.exe","11380","QueryDirectory","E:\Program Files\GOG Games\Empire Earth Gold Edition\Empire Earth\Data\textures\Pavement_1_1.sst","NO SUCH FILE","Filter: Pavement_1_1.sst"
"15:57:50,6625505","Empire Earth.exe","11380","QueryDirectory","E:\Program Files\GOG Games\Empire Earth Gold Edition\Empire Earth\Data\textures\Pebbles_1_1.sst","NO SUCH FILE","Filter: Pebbles_1_1.sst"
"15:57:50,6628510","Empire Earth.exe","11380","QueryDirectory","E:\Program Files\GOG Games\Empire Earth Gold Edition\Empire Earth\Data\textures\Pebbles_1_1.sst","NO SUCH FILE","Filter: Pebbles_1_1.sst"
"15:57:50,6643541","Empire Earth.exe","11380","QueryDirectory","E:\Program Files\GOG Games\Empire Earth Gold Edition\Empire Earth\Data\textures\Plaza_1_1.sst","NO SUCH FILE","Filter: Plaza_1_1.sst"
"15:57:50,6646657","Empire Earth.exe","11380","QueryDirectory","E:\Program Files\GOG Games\Empire Earth Gold Edition\Empire Earth\Data\textures\Plaza_1_1.sst","NO SUCH FILE","Filter: Plaza_1_1.sst"
"15:57:50,6671971","Empire Earth.exe","11380","QueryDirectory","E:\Program Files\GOG Games\Empire Earth Gold Edition\Empire Earth\Data\textures\Rock_1_1.sst","NO SUCH FILE","Filter: Rock_1_1.sst"
"15:57:50,6675043","Empire Earth.exe","11380","QueryDirectory","E:\Program Files\GOG Games\Empire Earth Gold Edition\Empire Earth\Data\textures\Rock_1_1.sst","NO SUCH FILE","Filter: Rock_1_1.sst"
"15:57:50,6698235","Empire Earth.exe","11380","QueryDirectory","E:\Program Files\GOG Games\Empire Earth Gold Edition\Empire Earth\Data\textures\Rock_2_1.sst","NO SUCH FILE","Filter: Rock_2_1.sst"
"15:57:50,6701003","Empire Earth.exe","11380","QueryDirectory","E:\Program Files\GOG Games\Empire Earth Gold Edition\Empire Earth\Data\textures\Rock_2_1.sst","NO SUCH FILE","Filter: Rock_2_1.sst"
"15:57:50,6709775","Empire Earth.exe","11380","QueryDirectory","E:\Program Files\GOG Games\Empire Earth Gold Edition\Empire Earth\Data\textures\RockySand_1_1.sst","NO SUCH FILE","Filter: RockySand_1_1.sst"
"15:57:50,6712454","Empire Earth.exe","11380","QueryDirectory","E:\Program Files\GOG Games\Empire Earth Gold Edition\Empire Earth\Data\textures\RockySand_1_1.sst","NO SUCH FILE","Filter: RockySand_1_1.sst"
"15:57:50,6746249","Empire Earth.exe","11380","QueryDirectory","E:\Program Files\GOG Games\Empire Earth Gold Edition\Empire Earth\Data\textures\SE Buttons.sst","NO SUCH FILE","Filter: SE Buttons.sst"
"15:57:50,6749382","Empire Earth.exe","11380","QueryDirectory","E:\Program Files\GOG Games\Empire Earth Gold Edition\Empire Earth\Data\textures\SE Buttons.sst","NO SUCH FILE","Filter: SE Buttons.sst"
"15:57:50,6866043","Empire Earth.exe","11380","QueryDirectory","E:\Program Files\GOG Games\Empire Earth Gold Edition\Empire Earth\Data\textures\SandyBeach_1_1.sst","NO SUCH FILE","Filter: SandyBeach_1_1.sst"
"15:57:50,6871906","Empire Earth.exe","11380","QueryDirectory","E:\Program Files\GOG Games\Empire Earth Gold Edition\Empire Earth\Data\textures\SandyBeach_1_1.sst","NO SUCH FILE","Filter: SandyBeach_1_1.sst"
"15:57:50,6929127","Empire Earth.exe","11380","QueryDirectory","E:\Program Files\GOG Games\Empire Earth Gold Edition\Empire Earth\Data\textures\Smoothstones_1_1.sst","NO SUCH FILE","Filter: Smoothstones_1_1.sst"
"15:57:50,6932582","Empire Earth.exe","11380","QueryDirectory","E:\Program Files\GOG Games\Empire Earth Gold Edition\Empire Earth\Data\textures\Smoothstones_1_1.sst","NO SUCH FILE","Filter: Smoothstones_1_1.sst"
"15:57:50,6960817","Empire Earth.exe","11380","QueryDirectory","E:\Program Files\GOG Games\Empire Earth Gold Edition\Empire Earth\Data\textures\SnowTufts_1_1.sst","NO SUCH FILE","Filter: SnowTufts_1_1.sst"
"15:57:50,6968763","Empire Earth.exe","11380","QueryDirectory","E:\Program Files\GOG Games\Empire Earth Gold Edition\Empire Earth\Data\textures\SnowTufts_1_1.sst","NO SUCH FILE","Filter: SnowTufts_1_1.sst"
"15:57:50,7015697","Empire Earth.exe","11380","QueryDirectory","E:\Program Files\GOG Games\Empire Earth Gold Edition\Empire Earth\Data\textures\Snow_1_1.sst","NO SUCH FILE","Filter: Snow_1_1.sst"
"15:57:50,7020455","Empire Earth.exe","11380","QueryDirectory","E:\Program Files\GOG Games\Empire Earth Gold Edition\Empire Earth\Data\textures\Snow_1_1.sst","NO SUCH FILE","Filter: Snow_1_1.sst"
"15:57:50,7048298","Empire Earth.exe","11380","QueryDirectory","E:\Program Files\GOG Games\Empire Earth Gold Edition\Empire Earth\Data\textures\Snowdirt_1_1.sst","NO SUCH FILE","Filter: Snowdirt_1_1.sst"
"15:57:50,7060964","Empire Earth.exe","11380","QueryDirectory","E:\Program Files\GOG Games\Empire Earth Gold Edition\Empire Earth\Data\textures\Snowdirt_1_1.sst","NO SUCH FILE","Filter: Snowdirt_1_1.sst"
"15:57:50,7118847","Empire Earth.exe","11380","QueryDirectory","E:\Program Files\GOG Games\Empire Earth Gold Edition\Empire Earth\Data\textures\Snowgrass_1_1.sst","NO SUCH FILE","Filter: Snowgrass_1_1.sst"
"15:57:50,7122947","Empire Earth.exe","11380","QueryDirectory","E:\Program Files\GOG Games\Empire Earth Gold Edition\Empire Earth\Data\textures\Snowgrass_1_1.sst","NO SUCH FILE","Filter: Snowgrass_1_1.sst"
"15:57:50,7183624","Empire Earth.exe","11380","QueryDirectory","E:\Program Files\GOG Games\Empire Earth Gold Edition\Empire Earth\Data\textures\Sparsegrass_1_1.sst","NO SUCH FILE","Filter: Sparsegrass_1_1.sst"
"15:57:50,7190226","Empire Earth.exe","11380","QueryDirectory","E:\Program Files\GOG Games\Empire Earth Gold Edition\Empire Earth\Data\textures\Sparsegrass_1_1.sst","NO SUCH FILE","Filter: Sparsegrass_1_1.sst"
"15:57:50,7234418","Empire Earth.exe","11380","QueryDirectory","E:\Program Files\GOG Games\Empire Earth Gold Edition\Empire Earth\Data\textures\Stoneroad_2_1.sst","NO SUCH FILE","Filter: Stoneroad_2_1.sst"
"15:57:50,7237453","Empire Earth.exe","11380","QueryDirectory","E:\Program Files\GOG Games\Empire Earth Gold Edition\Empire Earth\Data\textures\Stoneroad_2_1.sst","NO SUCH FILE","Filter: Stoneroad_2_1.sst"
"15:57:50,7255905","Empire Earth.exe","11380","QueryDirectory","E:\Program Files\GOG Games\Empire Earth Gold Edition\Empire Earth\Data\textures\Stones_1_1.sst","NO SUCH FILE","Filter: Stones_1_1.sst"
"15:57:50,7260919","Empire Earth.exe","11380","QueryDirectory","E:\Program Files\GOG Games\Empire Earth Gold Edition\Empire Earth\Data\textures\Stones_1_1.sst","NO SUCH FILE","Filter: Stones_1_1.sst"
"15:57:50,7310860","Empire Earth.exe","11380","QueryDirectory","E:\Program Files\GOG Games\Empire Earth Gold Edition\Empire Earth\Data\textures\TCrackedMud_1_1.sst","NO SUCH FILE","Filter: TCrackedMud_1_1.sst"
"15:57:50,7316919","Empire Earth.exe","11380","QueryDirectory","E:\Program Files\GOG Games\Empire Earth Gold Edition\Empire Earth\Data\textures\TCrackedMud_1_1.sst","NO SUCH FILE","Filter: TCrackedMud_1_1.sst"
"15:57:50,7514342","Empire Earth.exe","11380","QueryDirectory","E:\Program Files\GOG Games\Empire Earth Gold Edition\Empire Earth\Data\textures\Techplates_1_1.sst","NO SUCH FILE","Filter: Techplates_1_1.sst"
"15:57:50,7517812","Empire Earth.exe","11380","QueryDirectory","E:\Program Files\GOG Games\Empire Earth Gold Edition\Empire Earth\Data\textures\Techplates_1_1.sst","NO SUCH FILE","Filter: Techplates_1_1.sst"
"15:57:50,7561781","Empire Earth.exe","11380","QueryDirectory","E:\Program Files\GOG Games\Empire Earth Gold Edition\Empire Earth\Data\textures\UIControls.sst","NO SUCH FILE","Filter: UIControls.sst"
"15:57:50,7564908","Empire Earth.exe","11380","QueryDirectory","E:\Program Files\GOG Games\Empire Earth Gold Edition\Empire Earth\Data\textures\UIControls.sst","NO SUCH FILE","Filter: UIControls.sst"
"15:57:50,7595826","Empire Earth.exe","11380","QueryDirectory","E:\Program Files\GOG Games\Empire Earth Gold Edition\Empire Earth\Data\textures\Underwater_1_1.sst","NO SUCH FILE","Filter: Underwater_1_1.sst"
"15:57:50,7599312","Empire Earth.exe","11380","QueryDirectory","E:\Program Files\GOG Games\Empire Earth Gold Edition\Empire Earth\Data\textures\Underwater_1_1.sst","NO SUCH FILE","Filter: Underwater_1_1.sst"
"15:57:50,7635264","Empire Earth.exe","11380","QueryDirectory","E:\Program Files\GOG Games\Empire Earth Gold Edition\Empire Earth\Data\textures\Unit Facing Arrow.sst","NO SUCH FILE","Filter: Unit Facing Arrow.sst"
"15:57:50,7641572","Empire Earth.exe","11380","QueryDirectory","E:\Program Files\GOG Games\Empire Earth Gold Edition\Empire Earth\Data\textures\Unit Facing Arrow.sst","NO SUCH FILE","Filter: Unit Facing Arrow.sst"
"15:57:50,7661264","Empire Earth.exe","11380","QueryDirectory","E:\Program Files\GOG Games\Empire Earth Gold Edition\Empire Earth\Data\textures\Water_Ocean_1.sst","NO SUCH FILE","Filter: Water_Ocean_1.sst"
"15:57:50,7664312","Empire Earth.exe","11380","QueryDirectory","E:\Program Files\GOG Games\Empire Earth Gold Edition\Empire Earth\Data\textures\Water_Ocean_1.sst","NO SUCH FILE","Filter: Water_Ocean_1.sst"
"15:57:50,7678134","Empire Earth.exe","11380","QueryDirectory","E:\Program Files\GOG Games\Empire Earth Gold Edition\Empire Earth\Data\textures\White_2_1.sst","NO SUCH FILE","Filter: White_2_1.sst"
"15:57:50,7687265","Empire Earth.exe","11380","QueryDirectory","E:\Program Files\GOG Games\Empire Earth Gold Edition\Empire Earth\Data\textures\White_2_1.sst","NO SUCH FILE","Filter: White_2_1.sst"
"15:57:50,7704170","Empire Earth.exe","11380","QueryDirectory","E:\Program Files\GOG Games\Empire Earth Gold Edition\Empire Earth\Data\textures\but_stinger_10T.sst","NO SUCH FILE","Filter: but_stinger_10T.sst"
"15:57:50,7707135","Empire Earth.exe","11380","QueryDirectory","E:\Program Files\GOG Games\Empire Earth Gold Edition\Empire Earth\Data\textures\but_stinger_10T.sst","NO SUCH FILE","Filter: but_stinger_10T.sst"
"15:57:50,7715248","Empire Earth.exe","11380","QueryDirectory","E:\Program Files\GOG Games\Empire Earth Gold Edition\Empire Earth\Data\textures\button_beach.sst","NO SUCH FILE","Filter: button_beach.sst"
"15:57:50,7734101","Empire Earth.exe","11380","QueryDirectory","E:\Program Files\GOG Games\Empire Earth Gold Edition\Empire Earth\Data\textures\button_beach.sst","NO SUCH FILE","Filter: button_beach.sst"
"15:57:50,7742263","Empire Earth.exe","11380","QueryDirectory","E:\Program Files\GOG Games\Empire Earth Gold Edition\Empire Earth\Data\textures\button_desert.sst","NO SUCH FILE","Filter: button_desert.sst"
"15:57:50,7748264","Empire Earth.exe","11380","QueryDirectory","E:\Program Files\GOG Games\Empire Earth Gold Edition\Empire Earth\Data\textures\button_desert.sst","NO SUCH FILE","Filter: button_desert.sst"
"15:57:50,7756809","Empire Earth.exe","11380","QueryDirectory","E:\Program Files\GOG Games\Empire Earth Gold Edition\Empire Earth\Data\textures\button_tree.sst","NO SUCH FILE","Filter: button_tree.sst"
"15:57:50,7759887","Empire Earth.exe","11380","QueryDirectory","E:\Program Files\GOG Games\Empire Earth Gold Edition\Empire Earth\Data\textures\button_tree.sst","NO SUCH FILE","Filter: button_tree.sst"
"15:57:50,7764252","Empire Earth.exe","11380","QueryDirectory","E:\Program Files\GOG Games\Empire Earth Gold Edition\Empire Earth\Data\textures\button_woodlands.sst","NO SUCH FILE","Filter: button_woodlands.sst"
"15:57:50,7767964","Empire Earth.exe","11380","QueryDirectory","E:\Program Files\GOG Games\Empire Earth Gold Edition\Empire Earth\Data\textures\button_woodlands.sst","NO SUCH FILE","Filter: button_woodlands.sst"
"15:57:50,7772221","Empire Earth.exe","11380","QueryDirectory","E:\Program Files\GOG Games\Empire Earth Gold Edition\Empire Earth\Data\textures\eegenericbutton_gold.sst","NO SUCH FILE","Filter: eegenericbutton_gold.sst"
"15:57:50,7775203","Empire Earth.exe","11380","QueryDirectory","E:\Program Files\GOG Games\Empire Earth Gold Edition\Empire Earth\Data\textures\eegenericbutton_gold.sst","NO SUCH FILE","Filter: eegenericbutton_gold.sst"
"15:57:50,7846869","Empire Earth.exe","11380","QueryDirectory","E:\Program Files\GOG Games\Empire Earth Gold Edition\Empire Earth\Data\textures\gametools_1_1.sst","NO SUCH FILE","Filter: gametools_1_1.sst"
"15:57:50,7849982","Empire Earth.exe","11380","QueryDirectory","E:\Program Files\GOG Games\Empire Earth Gold Edition\Empire Earth\Data\textures\gametools_1_1.sst","NO SUCH FILE","Filter: gametools_1_1.sst"
"15:57:50,7967367","Empire Earth.exe","11380","QueryDirectory","E:\Program Files\GOG Games\Empire Earth Gold Edition\Empire Earth\Data\textures\gametools_1_2.sst","NO SUCH FILE","Filter: gametools_1_2.sst"
"15:57:50,7970636","Empire Earth.exe","11380","QueryDirectory","E:\Program Files\GOG Games\Empire Earth Gold Edition\Empire Earth\Data\textures\gametools_1_2.sst","NO SUCH FILE","Filter: gametools_1_2.sst"
"15:57:50,8083437","Empire Earth.exe","11380","QueryDirectory","E:\Program Files\GOG Games\Empire Earth Gold Edition\Empire Earth\Data\textures\gametools_1_3.sst","NO SUCH FILE","Filter: gametools_1_3.sst"
"15:57:50,8091230","Empire Earth.exe","11380","QueryDirectory","E:\Program Files\GOG Games\Empire Earth Gold Edition\Empire Earth\Data\textures\gametools_1_3.sst","NO SUCH FILE","Filter: gametools_1_3.sst"
"15:57:50,8192146","Empire Earth.exe","11380","QueryDirectory","E:\Program Files\GOG Games\Empire Earth Gold Edition\Empire Earth\Data\textures\gametools_1_4.sst","NO SUCH FILE","Filter: gametools_1_4.sst"
"15:57:50,8196293","Empire Earth.exe","11380","QueryDirectory","E:\Program Files\GOG Games\Empire Earth Gold Edition\Empire Earth\Data\textures\gametools_1_4.sst","NO SUCH FILE","Filter: gametools_1_4.sst"
"15:57:50,8293561","Empire Earth.exe","11380","QueryDirectory","E:\Program Files\GOG Games\Empire Earth Gold Edition\Empire Earth\Data\textures\gametools_2_1.sst","NO SUCH FILE","Filter: gametools_2_1.sst"
"15:57:50,8297606","Empire Earth.exe","11380","QueryDirectory","E:\Program Files\GOG Games\Empire Earth Gold Edition\Empire Earth\Data\textures\gametools_2_1.sst","NO SUCH FILE","Filter: gametools_2_1.sst"
"15:57:50,8371638","Empire Earth.exe","11380","QueryDirectory","E:\Program Files\GOG Games\Empire Earth Gold Edition\Empire Earth\Data\textures\gametools_2_2.sst","NO SUCH FILE","Filter: gametools_2_2.sst"
"15:57:50,8374641","Empire Earth.exe","11380","QueryDirectory","E:\Program Files\GOG Games\Empire Earth Gold Edition\Empire Earth\Data\textures\gametools_2_2.sst","NO SUCH FILE","Filter: gametools_2_2.sst"
"15:57:50,8499693","Empire Earth.exe","11380","QueryDirectory","E:\Program Files\GOG Games\Empire Earth Gold Edition\Empire Earth\Data\textures\gametools_2_3.sst","NO SUCH FILE","Filter: gametools_2_3.sst"
"15:57:50,8502951","Empire Earth.exe","11380","QueryDirectory","E:\Program Files\GOG Games\Empire Earth Gold Edition\Empire Earth\Data\textures\gametools_2_3.sst","NO SUCH FILE","Filter: gametools_2_3.sst"
"15:57:50,8646409","Empire Earth.exe","11380","QueryDirectory","E:\Program Files\GOG Games\Empire Earth Gold Edition\Empire Earth\Data\textures\gametools_2_4.sst","NO SUCH FILE","Filter: gametools_2_4.sst"
"15:57:50,8649494","Empire Earth.exe","11380","QueryDirectory","E:\Program Files\GOG Games\Empire Earth Gold Edition\Empire Earth\Data\textures\gametools_2_4.sst","NO SUCH FILE","Filter: gametools_2_4.sst"
"15:57:50,8715179","Empire Earth.exe","11380","QueryDirectory","E:\Program Files\GOG Games\Empire Earth Gold Edition\Empire Earth\Data\textures\gametools_3_1.sst","NO SUCH FILE","Filter: gametools_3_1.sst"
"15:57:50,8717942","Empire Earth.exe","11380","QueryDirectory","E:\Program Files\GOG Games\Empire Earth Gold Edition\Empire Earth\Data\textures\gametools_3_1.sst","NO SUCH FILE","Filter: gametools_3_1.sst"
"15:57:50,8841662","Empire Earth.exe","11380","QueryDirectory","E:\Program Files\GOG Games\Empire Earth Gold Edition\Empire Earth\Data\textures\gametools_3_2.sst","NO SUCH FILE","Filter: gametools_3_2.sst"
"15:57:50,8846689","Empire Earth.exe","11380","QueryDirectory","E:\Program Files\GOG Games\Empire Earth Gold Edition\Empire Earth\Data\textures\gametools_3_2.sst","NO SUCH FILE","Filter: gametools_3_2.sst"
"15:57:50,8973422","Empire Earth.exe","11380","QueryDirectory","E:\Program Files\GOG Games\Empire Earth Gold Edition\Empire Earth\Data\textures\gametools_3_3.sst","NO SUCH FILE","Filter: gametools_3_3.sst"
"15:57:50,8976616","Empire Earth.exe","11380","QueryDirectory","E:\Program Files\GOG Games\Empire Earth Gold Edition\Empire Earth\Data\textures\gametools_3_3.sst","NO SUCH FILE","Filter: gametools_3_3.sst"
"15:57:50,9133218","Empire Earth.exe","11380","QueryDirectory","E:\Program Files\GOG Games\Empire Earth Gold Edition\Empire Earth\Data\textures\gametools_3_4.sst","NO SUCH FILE","Filter: gametools_3_4.sst"
"15:57:50,9139436","Empire Earth.exe","11380","QueryDirectory","E:\Program Files\GOG Games\Empire Earth Gold Edition\Empire Earth\Data\textures\gametools_3_4.sst","NO SUCH FILE","Filter: gametools_3_4.sst"
"15:57:50,9291934","Empire Earth.exe","11380","QueryDirectory","E:\Program Files\GOG Games\Empire Earth Gold Edition\Empire Earth\Data\textures\grasspatch_1_1.sst","NO SUCH FILE","Filter: grasspatch_1_1.sst"
"15:57:50,9299184","Empire Earth.exe","11380","QueryDirectory","E:\Program Files\GOG Games\Empire Earth Gold Edition\Empire Earth\Data\textures\grasspatch_1_1.sst","NO SUCH FILE","Filter: grasspatch_1_1.sst"
"15:57:50,9338946","Empire Earth.exe","11380","QueryDirectory","E:\Program Files\GOG Games\Empire Earth Gold Edition\Empire Earth\Data\textures\overgrowngrass_1_1.sst","NO SUCH FILE","Filter: overgrowngrass_1_1.sst"
"15:57:50,9343535","Empire Earth.exe","11380","QueryDirectory","E:\Program Files\GOG Games\Empire Earth Gold Edition\Empire Earth\Data\textures\overgrowngrass_1_1.sst","NO SUCH FILE","Filter: overgrowngrass_1_1.sst"
"15:57:50,9362993","Empire Earth.exe","11380","QueryDirectory","E:\Program Files\GOG Games\Empire Earth Gold Edition\Empire Earth\Data\textures\scenpart.sst","NO SUCH FILE","Filter: scenpart.sst"
"15:57:50,9368857","Empire Earth.exe","11380","QueryDirectory","E:\Program Files\GOG Games\Empire Earth Gold Edition\Empire Earth\Data\textures\scenpart.sst","NO SUCH FILE","Filter: scenpart.sst"
"15:57:50,9519026","Empire Earth.exe","11380","QueryDirectory","E:\Program Files\GOG Games\Empire Earth Gold Edition\Empire Earth\Data\textures\scenunit.sst","NO SUCH FILE","Filter: scenunit.sst"
"15:57:50,9533969","Empire Earth.exe","11380","QueryDirectory","E:\Program Files\GOG Games\Empire Earth Gold Edition\Empire Earth\Data\textures\scenunit.sst","NO SUCH FILE","Filter: scenunit.sst"
"15:57:50,9641171","Empire Earth.exe","11380","QueryDirectory","E:\Program Files\GOG Games\Empire Earth Gold Edition\Empire Earth\Data\textures\but_stinger_10T.sst","NO SUCH FILE","Filter: but_stinger_10T.sst"
"15:57:50,9644531","Empire Earth.exe","11380","QueryDirectory","E:\Program Files\GOG Games\Empire Earth Gold Edition\Empire Earth\Data\textures\but_stinger_10T.sst","NO SUCH FILE","Filter: but_stinger_10T.sst"
"15:57:50,9653050","Empire Earth.exe","11380","QueryDirectory","E:\Program Files\GOG Games\Empire Earth Gold Edition\Empire Earth\Data\textures\button_tree.sst","NO SUCH FILE","Filter: button_tree.sst"
"15:57:50,9658001","Empire Earth.exe","11380","QueryDirectory","E:\Program Files\GOG Games\Empire Earth Gold Edition\Empire Earth\Data\textures\button_tree.sst","NO SUCH FILE","Filter: button_tree.sst"
"15:57:50,9662582","Empire Earth.exe","11380","QueryDirectory","E:\Program Files\GOG Games\Empire Earth Gold Edition\Empire Earth\Data\textures\button_woodlands.sst","NO SUCH FILE","Filter: button_woodlands.sst"
"15:57:50,9665492","Empire Earth.exe","11380","QueryDirectory","E:\Program Files\GOG Games\Empire Earth Gold Edition\Empire Earth\Data\textures\button_woodlands.sst","NO SUCH FILE","Filter: button_woodlands.sst"
"15:57:50,9669556","Empire Earth.exe","11380","QueryDirectory","E:\Program Files\GOG Games\Empire Earth Gold Edition\Empire Earth\Data\textures\button_desert.sst","NO SUCH FILE","Filter: button_desert.sst"
"15:57:50,9672392","Empire Earth.exe","11380","QueryDirectory","E:\Program Files\GOG Games\Empire Earth Gold Edition\Empire Earth\Data\textures\button_desert.sst","NO SUCH FILE","Filter: button_desert.sst"
"15:57:50,9679638","Empire Earth.exe","11380","QueryDirectory","E:\Program Files\GOG Games\Empire Earth Gold Edition\Empire Earth\Data\textures\button_beach.sst","NO SUCH FILE","Filter: button_beach.sst"
"15:57:50,9682540","Empire Earth.exe","11380","QueryDirectory","E:\Program Files\GOG Games\Empire Earth Gold Edition\Empire Earth\Data\textures\button_beach.sst","NO SUCH FILE","Filter: button_beach.sst"
"15:57:50,9869701","Empire Earth.exe","11380","QueryDirectory","E:\Program Files\GOG Games\Empire Earth Gold Edition\Empire Earth\Data\textures\Splash_1_1.sst","NO SUCH FILE","Filter: Splash_1_1.sst"
"15:57:50,9872884","Empire Earth.exe","11380","QueryDirectory","E:\Program Files\GOG Games\Empire Earth Gold Edition\Empire Earth\Data\textures\Splash_1_1.sst","NO SUCH FILE","Filter: Splash_1_1.sst"
"15:57:50,9988160","Empire Earth.exe","11380","QueryDirectory","E:\Program Files\GOG Games\Empire Earth Gold Edition\Empire Earth\Data\textures\Splash_1_2.sst","NO SUCH FILE","Filter: Splash_1_2.sst"
"15:57:50,9991509","Empire Earth.exe","11380","QueryDirectory","E:\Program Files\GOG Games\Empire Earth Gold Edition\Empire Earth\Data\textures\Splash_1_2.sst","NO SUCH FILE","Filter: Splash_1_2.sst"
"15:57:51,0114756","Empire Earth.exe","11380","QueryDirectory","E:\Program Files\GOG Games\Empire Earth Gold Edition\Empire Earth\Data\textures\Splash_1_3.sst","NO SUCH FILE","Filter: Splash_1_3.sst"
"15:57:51,0119457","Empire Earth.exe","11380","QueryDirectory","E:\Program Files\GOG Games\Empire Earth Gold Edition\Empire Earth\Data\textures\Splash_1_3.sst","NO SUCH FILE","Filter: Splash_1_3.sst"
"15:57:51,0232390","Empire Earth.exe","11380","QueryDirectory","E:\Program Files\GOG Games\Empire Earth Gold Edition\Empire Earth\Data\textures\Splash_1_4.sst","NO SUCH FILE","Filter: Splash_1_4.sst"
"15:57:51,0236380","Empire Earth.exe","11380","QueryDirectory","E:\Program Files\GOG Games\Empire Earth Gold Edition\Empire Earth\Data\textures\Splash_1_4.sst","NO SUCH FILE","Filter: Splash_1_4.sst"
"15:57:51,0300165","Empire Earth.exe","11380","QueryDirectory","E:\Program Files\GOG Games\Empire Earth Gold Edition\Empire Earth\Data\textures\Splash_2_1.sst","NO SUCH FILE","Filter: Splash_2_1.sst"
"15:57:51,0303083","Empire Earth.exe","11380","QueryDirectory","E:\Program Files\GOG Games\Empire Earth Gold Edition\Empire Earth\Data\textures\Splash_2_1.sst","NO SUCH FILE","Filter: Splash_2_1.sst"
"15:57:51,0428284","Empire Earth.exe","11380","QueryDirectory","E:\Program Files\GOG Games\Empire Earth Gold Edition\Empire Earth\Data\textures\Splash_2_2.sst","NO SUCH FILE","Filter: Splash_2_2.sst"
"15:57:51,0442111","Empire Earth.exe","11380","QueryDirectory","E:\Program Files\GOG Games\Empire Earth Gold Edition\Empire Earth\Data\textures\Splash_2_2.sst","NO SUCH FILE","Filter: Splash_2_2.sst"
"15:57:51,0580075","Empire Earth.exe","11380","QueryDirectory","E:\Program Files\GOG Games\Empire Earth Gold Edition\Empire Earth\Data\textures\Splash_2_3.sst","NO SUCH FILE","Filter: Splash_2_3.sst"
"15:57:51,0587145","Empire Earth.exe","11380","QueryDirectory","E:\Program Files\GOG Games\Empire Earth Gold Edition\Empire Earth\Data\textures\Splash_2_3.sst","NO SUCH FILE","Filter: Splash_2_3.sst"
"15:57:51,0703344","Empire Earth.exe","11380","QueryDirectory","E:\Program Files\GOG Games\Empire Earth Gold Edition\Empire Earth\Data\textures\Splash_2_4.sst","NO SUCH FILE","Filter: Splash_2_4.sst"
"15:57:51,0709912","Empire Earth.exe","11380","QueryDirectory","E:\Program Files\GOG Games\Empire Earth Gold Edition\Empire Earth\Data\textures\Splash_2_4.sst","NO SUCH FILE","Filter: Splash_2_4.sst"
"15:57:51,0802621","Empire Earth.exe","11380","QueryDirectory","E:\Program Files\GOG Games\Empire Earth Gold Edition\Empire Earth\Data\textures\Splash_3_1.sst","NO SUCH FILE","Filter: Splash_3_1.sst"
"15:57:51,0808276","Empire Earth.exe","11380","QueryDirectory","E:\Program Files\GOG Games\Empire Earth Gold Edition\Empire Earth\Data\textures\Splash_3_1.sst","NO SUCH FILE","Filter: Splash_3_1.sst"
"15:57:51,0879205","Empire Earth.exe","11380","QueryDirectory","E:\Program Files\GOG Games\Empire Earth Gold Edition\Empire Earth\Data\textures\Splash_3_2.sst","NO SUCH FILE","Filter: Splash_3_2.sst"
"15:57:51,0882534","Empire Earth.exe","11380","QueryDirectory","E:\Program Files\GOG Games\Empire Earth Gold Edition\Empire Earth\Data\textures\Splash_3_2.sst","NO SUCH FILE","Filter: Splash_3_2.sst"
"15:57:51,1020976","Empire Earth.exe","11380","QueryDirectory","E:\Program Files\GOG Games\Empire Earth Gold Edition\Empire Earth\Data\textures\Splash_3_3.sst","NO SUCH FILE","Filter: Splash_3_3.sst"
"15:57:51,1024116","Empire Earth.exe","11380","QueryDirectory","E:\Program Files\GOG Games\Empire Earth Gold Edition\Empire Earth\Data\textures\Splash_3_3.sst","NO SUCH FILE","Filter: Splash_3_3.sst"
"15:57:51,1088979","Empire Earth.exe","11380","QueryDirectory","E:\Program Files\GOG Games\Empire Earth Gold Edition\Empire Earth\Data\textures\Splash_3_4.sst","NO SUCH FILE","Filter: Splash_3_4.sst"
"15:57:51,1093417","Empire Earth.exe","11380","QueryDirectory","E:\Program Files\GOG Games\Empire Earth Gold Edition\Empire Earth\Data\textures\Splash_3_4.sst","NO SUCH FILE","Filter: Splash_3_4.sst"
"15:57:51,1221328","Empire Earth.exe","11380","QueryDirectory","E:\Program Files\GOG Games\Empire Earth Gold Edition\Empire Earth\Data\textures\EEGenericBack.sst","NO SUCH FILE","Filter: EEGenericBack.sst"
"15:57:51,1224417","Empire Earth.exe","11380","QueryDirectory","E:\Program Files\GOG Games\Empire Earth Gold Edition\Empire Earth\Data\textures\EEGenericBack.sst","NO SUCH FILE","Filter: EEGenericBack.sst"
"15:57:51,1327679","Empire Earth.exe","11380","QueryDirectory","E:\Program Files\GOG Games\Empire Earth Gold Edition\Empire Earth\Data\textures\boot icon_up.sst","NO SUCH FILE","Filter: boot icon_up.sst"
"15:57:51,1333585","Empire Earth.exe","11380","QueryDirectory","E:\Program Files\GOG Games\Empire Earth Gold Edition\Empire Earth\Data\textures\boot icon_up.sst","NO SUCH FILE","Filter: boot icon_up.sst"
"15:57:51,1343347","Empire Earth.exe","11380","QueryDirectory","E:\Program Files\GOG Games\Empire Earth Gold Edition\Empire Earth\Data\textures\boot icon_down.sst","NO SUCH FILE","Filter: boot icon_down.sst"
"15:57:51,1347821","Empire Earth.exe","11380","QueryDirectory","E:\Program Files\GOG Games\Empire Earth Gold Edition\Empire Earth\Data\textures\boot icon_down.sst","NO SUCH FILE","Filter: boot icon_down.sst"
"15:57:51,1891253","Empire Earth.exe","11380","QueryDirectory","E:\Program Files\GOG Games\Empire Earth Gold Edition\Empire Earth\Data\textures\unit improvements_01.sst","NO SUCH FILE","Filter: unit improvements_01.sst"
"15:57:51,1896928","Empire Earth.exe","11380","QueryDirectory","E:\Program Files\GOG Games\Empire Earth Gold Edition\Empire Earth\Data\textures\unit improvements_01.sst","NO SUCH FILE","Filter: unit improvements_01.sst"
"15:57:51,2734289","Empire Earth.exe","11380","QueryDirectory","E:\Program Files\GOG Games\Empire Earth Gold Edition\Empire Earth\Data\textures\unit improvements_02.sst","NO SUCH FILE","Filter: unit improvements_02.sst"
"15:57:51,2738567","Empire Earth.exe","11380","QueryDirectory","E:\Program Files\GOG Games\Empire Earth Gold Edition\Empire Earth\Data\textures\unit improvements_02.sst","NO SUCH FILE","Filter: unit improvements_02.sst"
"15:57:51,4858993","Empire Earth.exe","11380","QueryDirectory","E:\Program Files\GOG Games\Empire Earth Gold Edition\Empire Earth\Data\textures\unit upgrades_03.sst","NO SUCH FILE","Filter: unit upgrades_03.sst"
"15:57:51,4864405","Empire Earth.exe","11380","QueryDirectory","E:\Program Files\GOG Games\Empire Earth Gold Edition\Empire Earth\Data\textures\unit upgrades_03.sst","NO SUCH FILE","Filter: unit upgrades_03.sst"
"15:57:51,5033653","Empire Earth.exe","11380","QueryDirectory","E:\Program Files\GOG Games\Empire Earth Gold Edition\Empire Earth\Data\textures\Flare.sst","NO SUCH FILE","Filter: Flare.sst"
"15:57:51,5038124","Empire Earth.exe","11380","QueryDirectory","E:\Program Files\GOG Games\Empire Earth Gold Edition\Empire Earth\Data\textures\Flare.sst","NO SUCH FILE","Filter: Flare.sst"
"15:57:51,5043173","Empire Earth.exe","11380","QueryDirectory","E:\Program Files\GOG Games\Empire Earth Gold Edition\Empire Earth\Data\textures\DottedLine.sst","NO SUCH FILE","Filter: DottedLine.sst"
"15:57:51,5045995","Empire Earth.exe","11380","QueryDirectory","E:\Program Files\GOG Games\Empire Earth Gold Edition\Empire Earth\Data\textures\DottedLine.sst","NO SUCH FILE","Filter: DottedLine.sst"
"15:57:51,5100041","Empire Earth.exe","11380","QueryDirectory","E:\Program Files\GOG Games\Empire Earth Gold Edition\Empire Earth\Data\textures\UnitCommandConfirmation.sst","NO SUCH FILE","Filter: UnitCommandConfirmation.sst"
"15:57:51,5105646","Empire Earth.exe","11380","QueryDirectory","E:\Program Files\GOG Games\Empire Earth Gold Edition\Empire Earth\Data\textures\UnitCommandConfirmation.sst","NO SUCH FILE","Filter: UnitCommandConfirmation.sst"
"15:57:51,5171629","Empire Earth.exe","11380","QueryDirectory","E:\Program Files\GOG Games\Empire Earth Gold Edition\Empire Earth\Data\textures\PathCommandConfirmation.sst","NO SUCH FILE","Filter: PathCommandConfirmation.sst"
"15:57:51,5175349","Empire Earth.exe","11380","QueryDirectory","E:\Program Files\GOG Games\Empire Earth Gold Edition\Empire Earth\Data\textures\PathCommandConfirmation.sst","NO SUCH FILE","Filter: PathCommandConfirmation.sst"
"15:57:51,5352171","Empire Earth.exe","11380","QueryDirectory","E:\Program Files\GOG Games\Empire Earth Gold Edition\Empire Earth\Data\textures\ClickCommandConfirmation.sst","NO SUCH FILE","Filter: ClickCommandConfirmation.sst"
"15:57:51,5357741","Empire Earth.exe","11380","QueryDirectory","E:\Program Files\GOG Games\Empire Earth Gold Edition\Empire Earth\Data\textures\ClickCommandConfirmation.sst","NO SUCH FILE","Filter: ClickCommandConfirmation.sst"
"15:57:51,5716297","Empire Earth.exe","11380","QueryDirectory","E:\Program Files\GOG Games\Empire Earth Gold Edition\Empire Earth\Data\textures\UnitSelection.sst","NO SUCH FILE","Filter: UnitSelection.sst"
"15:57:51,5719561","Empire Earth.exe","11380","QueryDirectory","E:\Program Files\GOG Games\Empire Earth Gold Edition\Empire Earth\Data\textures\UnitSelection.sst","NO SUCH FILE","Filter: UnitSelection.sst"
"15:57:51,5724291","Empire Earth.exe","11380","QueryDirectory","E:\Program Files\GOG Games\Empire Earth Gold Edition\Empire Earth\Data\textures\UnitAreaEffectCircle.sst","NO SUCH FILE","Filter: UnitAreaEffectCircle.sst"
"15:57:51,5727973","Empire Earth.exe","11380","QueryDirectory","E:\Program Files\GOG Games\Empire Earth Gold Edition\Empire Earth\Data\textures\UnitAreaEffectCircle.sst","NO SUCH FILE","Filter: UnitAreaEffectCircle.sst"
"15:57:51,6075233","Empire Earth.exe","11380","QueryDirectory","E:\Program Files\GOG Games\Empire Earth Gold Edition\Empire Earth\Data\textures\fx_cloudtexture.sst","NO SUCH FILE","Filter: fx_cloudtexture.sst"
"15:57:51,6079320","Empire Earth.exe","11380","QueryDirectory","E:\Program Files\GOG Games\Empire Earth Gold Edition\Empire Earth\Data\textures\fx_cloudtexture.sst","NO SUCH FILE","Filter: fx_cloudtexture.sst"
"15:57:51,6241102","Empire Earth.exe","11380","QueryDirectory","E:\Program Files\GOG Games\Empire Earth Gold Edition\Empire Earth\Data\textures\AreaEffect.sst","NO SUCH FILE","Filter: AreaEffect.sst"
"15:57:51,6244155","Empire Earth.exe","11380","QueryDirectory","E:\Program Files\GOG Games\Empire Earth Gold Edition\Empire Earth\Data\textures\AreaEffect.sst","NO SUCH FILE","Filter: AreaEffect.sst"
"15:57:51,6412929","Empire Earth.exe","11380","QueryDirectory","E:\Program Files\GOG Games\Empire Earth Gold Edition\Empire Earth\Data\textures\CircleAreaEffect.sst","NO SUCH FILE","Filter: CircleAreaEffect.sst"
"15:57:51,6416992","Empire Earth.exe","11380","QueryDirectory","E:\Program Files\GOG Games\Empire Earth Gold Edition\Empire Earth\Data\textures\CircleAreaEffect.sst","NO SUCH FILE","Filter: CircleAreaEffect.sst"
"15:57:51,6923605","Empire Earth.exe","11380","QueryDirectory","E:\Program Files\GOG Games\Empire Earth Gold Edition\Empire Earth\Data\textures\Water_Ocean_16.sst","NO SUCH FILE","Filter: Water_Ocean_16.sst"
"15:57:51,6927708","Empire Earth.exe","11380","QueryDirectory","E:\Program Files\GOG Games\Empire Earth Gold Edition\Empire Earth\Data\textures\Water_Ocean_16.sst","NO SUCH FILE","Filter: Water_Ocean_16.sst"
"15:57:51,6941959","Empire Earth.exe","11380","QueryDirectory","E:\Program Files\GOG Games\Empire Earth Gold Edition\Empire Earth\Data\textures\Water_Ocean_15.sst","NO SUCH FILE","Filter: Water_Ocean_15.sst"
"15:57:51,6948325","Empire Earth.exe","11380","QueryDirectory","E:\Program Files\GOG Games\Empire Earth Gold Edition\Empire Earth\Data\textures\Water_Ocean_15.sst","NO SUCH FILE","Filter: Water_Ocean_15.sst"
"15:57:51,7154390","Empire Earth.exe","11380","QueryDirectory","E:\Program Files\GOG Games\Empire Earth Gold Edition\Empire Earth\Data\textures\Water_Ocean_14.sst","NO SUCH FILE","Filter: Water_Ocean_14.sst"
"15:57:51,7157496","Empire Earth.exe","11380","QueryDirectory","E:\Program Files\GOG Games\Empire Earth Gold Edition\Empire Earth\Data\textures\Water_Ocean_14.sst","NO SUCH FILE","Filter: Water_Ocean_14.sst"
"15:57:51,7300021","Empire Earth.exe","11380","QueryDirectory","E:\Program Files\GOG Games\Empire Earth Gold Edition\Empire Earth\Data\textures\Water_Ocean_13.sst","NO SUCH FILE","Filter: Water_Ocean_13.sst"
"15:57:51,7303203","Empire Earth.exe","11380","QueryDirectory","E:\Program Files\GOG Games\Empire Earth Gold Edition\Empire Earth\Data\textures\Water_Ocean_13.sst","NO SUCH FILE","Filter: Water_Ocean_13.sst"
"15:57:51,7312911","Empire Earth.exe","11380","QueryDirectory","E:\Program Files\GOG Games\Empire Earth Gold Edition\Empire Earth\Data\textures\Water_Ocean_12.sst","NO SUCH FILE","Filter: Water_Ocean_12.sst"
"15:57:51,7315988","Empire Earth.exe","11380","QueryDirectory","E:\Program Files\GOG Games\Empire Earth Gold Edition\Empire Earth\Data\textures\Water_Ocean_12.sst","NO SUCH FILE","Filter: Water_Ocean_12.sst"
"15:57:51,7482807","Empire Earth.exe","11380","QueryDirectory","E:\Program Files\GOG Games\Empire Earth Gold Edition\Empire Earth\Data\textures\Water_Ocean_11.sst","NO SUCH FILE","Filter: Water_Ocean_11.sst"
"15:57:51,7485946","Empire Earth.exe","11380","QueryDirectory","E:\Program Files\GOG Games\Empire Earth Gold Edition\Empire Earth\Data\textures\Water_Ocean_11.sst","NO SUCH FILE","Filter: Water_Ocean_11.sst"
"15:57:51,7668822","Empire Earth.exe","11380","QueryDirectory","E:\Program Files\GOG Games\Empire Earth Gold Edition\Empire Earth\Data\textures\Water_Ocean_10.sst","NO SUCH FILE","Filter: Water_Ocean_10.sst"
"15:57:51,7672748","Empire Earth.exe","11380","QueryDirectory","E:\Program Files\GOG Games\Empire Earth Gold Edition\Empire Earth\Data\textures\Water_Ocean_10.sst","NO SUCH FILE","Filter: Water_Ocean_10.sst"
"15:57:51,7686463","Empire Earth.exe","11380","QueryDirectory","E:\Program Files\GOG Games\Empire Earth Gold Edition\Empire Earth\Data\textures\Water_Ocean_9.sst","NO SUCH FILE","Filter: Water_Ocean_9.sst"
"15:57:51,7689604","Empire Earth.exe","11380","QueryDirectory","E:\Program Files\GOG Games\Empire Earth Gold Edition\Empire Earth\Data\textures\Water_Ocean_9.sst","NO SUCH FILE","Filter: Water_Ocean_9.sst"
"15:57:51,7844966","Empire Earth.exe","11380","QueryDirectory","E:\Program Files\GOG Games\Empire Earth Gold Edition\Empire Earth\Data\textures\Water_Ocean_8.sst","NO SUCH FILE","Filter: Water_Ocean_8.sst"
"15:57:51,7851598","Empire Earth.exe","11380","QueryDirectory","E:\Program Files\GOG Games\Empire Earth Gold Edition\Empire Earth\Data\textures\Water_Ocean_8.sst","NO SUCH FILE","Filter: Water_Ocean_8.sst"
"15:57:51,8027131","Empire Earth.exe","11380","QueryDirectory","E:\Program Files\GOG Games\Empire Earth Gold Edition\Empire Earth\Data\textures\Water_Ocean_7.sst","NO SUCH FILE","Filter: Water_Ocean_7.sst"
"15:57:51,8030109","Empire Earth.exe","11380","QueryDirectory","E:\Program Files\GOG Games\Empire Earth Gold Edition\Empire Earth\Data\textures\Water_Ocean_7.sst","NO SUCH FILE","Filter: Water_Ocean_7.sst"
"15:57:51,8208816","Empire Earth.exe","11380","QueryDirectory","E:\Program Files\GOG Games\Empire Earth Gold Edition\Empire Earth\Data\textures\Water_Ocean_6.sst","NO SUCH FILE","Filter: Water_Ocean_6.sst"
"15:57:51,8214143","Empire Earth.exe","11380","QueryDirectory","E:\Program Files\GOG Games\Empire Earth Gold Edition\Empire Earth\Data\textures\Water_Ocean_6.sst","NO SUCH FILE","Filter: Water_Ocean_6.sst"
"15:57:51,8376083","Empire Earth.exe","11380","QueryDirectory","E:\Program Files\GOG Games\Empire Earth Gold Edition\Empire Earth\Data\textures\Water_Ocean_5.sst","NO SUCH FILE","Filter: Water_Ocean_5.sst"
"15:57:51,8379220","Empire Earth.exe","11380","QueryDirectory","E:\Program Files\GOG Games\Empire Earth Gold Edition\Empire Earth\Data\textures\Water_Ocean_5.sst","NO SUCH FILE","Filter: Water_Ocean_5.sst"
"15:57:51,8546207","Empire Earth.exe","11380","QueryDirectory","E:\Program Files\GOG Games\Empire Earth Gold Edition\Empire Earth\Data\textures\Water_Ocean_4.sst","NO SUCH FILE","Filter: Water_Ocean_4.sst"
"15:57:51,8549266","Empire Earth.exe","11380","QueryDirectory","E:\Program Files\GOG Games\Empire Earth Gold Edition\Empire Earth\Data\textures\Water_Ocean_4.sst","NO SUCH FILE","Filter: Water_Ocean_4.sst"
"15:57:51,8727254","Empire Earth.exe","11380","QueryDirectory","E:\Program Files\GOG Games\Empire Earth Gold Edition\Empire Earth\Data\textures\Water_Ocean_3.sst","NO SUCH FILE","Filter: Water_Ocean_3.sst"
"15:57:51,8734143","Empire Earth.exe","11380","QueryDirectory","E:\Program Files\GOG Games\Empire Earth Gold Edition\Empire Earth\Data\textures\Water_Ocean_3.sst","NO SUCH FILE","Filter: Water_Ocean_3.sst"
"15:57:51,8911364","Empire Earth.exe","11380","QueryDirectory","E:\Program Files\GOG Games\Empire Earth Gold Edition\Empire Earth\Data\textures\Water_Ocean_2.sst","NO SUCH FILE","Filter: Water_Ocean_2.sst"
"15:57:51,8913870","Empire Earth.exe","11380","QueryDirectory","E:\Program Files\GOG Games\Empire Earth Gold Edition\Empire Earth\Data\textures\Water_Ocean_2.sst","NO SUCH FILE","Filter: Water_Ocean_2.sst"
"15:57:51,9092472","Empire Earth.exe","11380","QueryDirectory","E:\Program Files\GOG Games\Empire Earth Gold Edition\Empire Earth\Data\textures\BaseGrass_1_4.sst","NO SUCH FILE","Filter: BaseGrass_1_4.sst"
"15:57:51,9094997","Empire Earth.exe","11380","QueryDirectory","E:\Program Files\GOG Games\Empire Earth Gold Edition\Empire Earth\Data\textures\BaseGrass_1_4.sst","NO SUCH FILE","Filter: BaseGrass_1_4.sst"
"15:57:51,9274938","Empire Earth.exe","11380","QueryDirectory","E:\Program Files\GOG Games\Empire Earth Gold Edition\Empire Earth\Data\textures\BaseGrass_1_3.sst","NO SUCH FILE","Filter: BaseGrass_1_3.sst"
"15:57:51,9277598","Empire Earth.exe","11380","QueryDirectory","E:\Program Files\GOG Games\Empire Earth Gold Edition\Empire Earth\Data\textures\BaseGrass_1_3.sst","NO SUCH FILE","Filter: BaseGrass_1_3.sst"
"15:57:51,9437688","Empire Earth.exe","11380","QueryDirectory","E:\Program Files\GOG Games\Empire Earth Gold Edition\Empire Earth\Data\textures\BaseGrass_1_2.sst","NO SUCH FILE","Filter: BaseGrass_1_2.sst"
"15:57:51,9440354","Empire Earth.exe","11380","QueryDirectory","E:\Program Files\GOG Games\Empire Earth Gold Edition\Empire Earth\Data\textures\BaseGrass_1_2.sst","NO SUCH FILE","Filter: BaseGrass_1_2.sst"
"15:57:52,0061661","Empire Earth.exe","11380","QueryDirectory","E:\Program Files\GOG Games\Empire Earth Gold Edition\Empire Earth\Data\textures\sha_unitdefault_00T.sst","NO SUCH FILE","Filter: sha_unitdefault_00T.sst"
"15:57:52,0064054","Empire Earth.exe","11380","QueryDirectory","E:\Program Files\GOG Games\Empire Earth Gold Edition\Empire Earth\Data\textures\sha_unitdefault_00T.sst","NO SUCH FILE","Filter: sha_unitdefault_00T.sst"
"15:57:52,0068559","Empire Earth.exe","11380","QueryDirectory","E:\Program Files\GOG Games\Empire Earth Gold Edition\Empire Earth\Data\textures\zut_smileyface_00T.sst","NO SUCH FILE","Filter: zut_smileyface_00T.sst"
"15:57:52,0071376","Empire Earth.exe","11380","QueryDirectory","E:\Program Files\GOG Games\Empire Earth Gold Edition\Empire Earth\Data\textures\zut_smileyface_00T.sst","NO SUCH FILE","Filter: zut_smileyface_00T.sst"
"15:57:52,0487471","Empire Earth.exe","11380","QueryDirectory","E:\Program Files\GOG Games\Empire Earth Gold Edition\Empire Earth\Data\textures\gen_deathT.sst","NO SUCH FILE","Filter: gen_deathT.sst"
"15:57:52,0490366","Empire Earth.exe","11380","QueryDirectory","E:\Program Files\GOG Games\Empire Earth Gold Edition\Empire Earth\Data\textures\gen_deathT.sst","NO SUCH FILE","Filter: gen_deathT.sst"
"15:57:52,0805716","Empire Earth.exe","11380","QueryDirectory","E:\Program Files\GOG Games\Empire Earth Gold Edition\Empire Earth\Data\textures\men_citizen_01T.sst","NO SUCH FILE","Filter: men_citizen_01T.sst"
"15:57:52,0811989","Empire Earth.exe","11380","QueryDirectory","E:\Program Files\GOG Games\Empire Earth Gold Edition\Empire Earth\Data\textures\men_citizen_01T.sst","NO SUCH FILE","Filter: men_citizen_01T.sst"
"15:57:52,0858049","Empire Earth.exe","11380","QueryDirectory","E:\Program Files\GOG Games\Empire Earth Gold Edition\Empire Earth\Data\textures\men_citizenhunt_01T.sst","NO SUCH FILE","Filter: men_citizenhunt_01T.sst"
"15:57:52,0861653","Empire Earth.exe","11380","QueryDirectory","E:\Program Files\GOG Games\Empire Earth Gold Edition\Empire Earth\Data\textures\men_citizenhunt_01T.sst","NO SUCH FILE","Filter: men_citizenhunt_01T.sst"
"15:57:52,0995146","Empire Earth.exe","11380","QueryDirectory","E:\Program Files\GOG Games\Empire Earth Gold Edition\Empire Earth\Data\textures\men_citizenbuild_01T.sst","NO SUCH FILE","Filter: men_citizenbuild_01T.sst"
"15:57:52,1000581","Empire Earth.exe","11380","QueryDirectory","E:\Program Files\GOG Games\Empire Earth Gold Edition\Empire Earth\Data\textures\men_citizenbuild_01T.sst","NO SUCH FILE","Filter: men_citizenbuild_01T.sst"
"15:57:52,1031971","Empire Earth.exe","11380","QueryDirectory","E:\Program Files\GOG Games\Empire Earth Gold Edition\Empire Earth\Data\textures\men_citizencarry_01T.sst","NO SUCH FILE","Filter: men_citizencarry_01T.sst"
"15:57:52,1036448","Empire Earth.exe","11380","QueryDirectory","E:\Program Files\GOG Games\Empire Earth Gold Edition\Empire Earth\Data\textures\men_citizencarry_01T.sst","NO SUCH FILE","Filter: men_citizencarry_01T.sst"
"15:57:52,1112181","Empire Earth.exe","11380","QueryDirectory","E:\Program Files\GOG Games\Empire Earth Gold Edition\Empire Earth\Data\textures\men_citizenchop_01T.sst","NO SUCH FILE","Filter: men_citizenchop_01T.sst"
"15:57:52,1115040","Empire Earth.exe","11380","QueryDirectory","E:\Program Files\GOG Games\Empire Earth Gold Edition\Empire Earth\Data\textures\men_citizenchop_01T.sst","NO SUCH FILE","Filter: men_citizenchop_01T.sst"
"15:57:52,1248218","Empire Earth.exe","11380","QueryDirectory","E:\Program Files\GOG Games\Empire Earth Gold Edition\Empire Earth\Data\textures\but_citizen_01T.sst","NO SUCH FILE","Filter: but_citizen_01T.sst"
"15:57:52,1251040","Empire Earth.exe","11380","QueryDirectory","E:\Program Files\GOG Games\Empire Earth Gold Edition\Empire Earth\Data\textures\but_citizen_01T.sst","NO SUCH FILE","Filter: but_citizen_01T.sst"
"15:57:52,1281331","Empire Earth.exe","11380","QueryDirectory","E:\Program Files\GOG Games\Empire Earth Gold Edition\Empire Earth\Data\textures\fx_spear_00T.sst","NO SUCH FILE","Filter: fx_spear_00T.sst"
"15:57:52,1284108","Empire Earth.exe","11380","QueryDirectory","E:\Program Files\GOG Games\Empire Earth Gold Edition\Empire Earth\Data\textures\fx_spear_00T.sst","NO SUCH FILE","Filter: fx_spear_00T.sst"
"15:57:52,1287542","Empire Earth.exe","11380","QueryDirectory","E:\Program Files\GOG Games\Empire Earth Gold Edition\Empire Earth\Data\textures\act_timedbomber.sst","NO SUCH FILE","Filter: act_timedbomber.sst"
"15:57:52,1289977","Empire Earth.exe","11380","QueryDirectory","E:\Program Files\GOG Games\Empire Earth Gold Edition\Empire Earth\Data\textures\act_timedbomber.sst","NO SUCH FILE","Filter: act_timedbomber.sst"
"15:57:52,1298478","Empire Earth.exe","11380","QueryDirectory","E:\Program Files\GOG Games\Empire Earth Gold Edition\Empire Earth\Data\textures\sfx_navalripple.sst","NO SUCH FILE","Filter: sfx_navalripple.sst"
"15:57:52,1301047","Empire Earth.exe","11380","QueryDirectory","E:\Program Files\GOG Games\Empire Earth Gold Edition\Empire Earth\Data\textures\sfx_navalripple.sst","NO SUCH FILE","Filter: sfx_navalripple.sst"
"15:57:52,1309469","Empire Earth.exe","11380","QueryDirectory","E:\Program Files\GOG Games\Empire Earth Gold Edition\Empire Earth\Data\textures\sfx_bloodSpray1.sst","NO SUCH FILE","Filter: sfx_bloodSpray1.sst"
"15:57:52,1312114","Empire Earth.exe","11380","QueryDirectory","E:\Program Files\GOG Games\Empire Earth Gold Edition\Empire Earth\Data\textures\sfx_bloodSpray1.sst","NO SUCH FILE","Filter: sfx_bloodSpray1.sst"
"15:57:52,1640608","Empire Earth.exe","11380","QueryDirectory","E:\Program Files\GOG Games\Empire Earth Gold Edition\Empire Earth\Data\textures\fx_pulseuniteffect_12T.sst","NO SUCH FILE","Filter: fx_pulseuniteffect_12T.sst"
"15:57:52,1647143","Empire Earth.exe","11380","QueryDirectory","E:\Program Files\GOG Games\Empire Earth Gold Edition\Empire Earth\Data\textures\fx_pulseuniteffect_12T.sst","NO SUCH FILE","Filter: fx_pulseuniteffect_12T.sst"
"15:57:52,1666982","Empire Earth.exe","11380","QueryDirectory","E:\Program Files\GOG Games\Empire Earth Gold Edition\Empire Earth\Data\textures\fx_shieldbattery_12T.sst","NO SUCH FILE","Filter: fx_shieldbattery_12T.sst"
"15:57:52,1669867","Empire Earth.exe","11380","QueryDirectory","E:\Program Files\GOG Games\Empire Earth Gold Edition\Empire Earth\Data\textures\fx_shieldbattery_12T.sst","NO SUCH FILE","Filter: fx_shieldbattery_12T.sst"
"15:57:52,1688296","Empire Earth.exe","11380","QueryDirectory","E:\Program Files\GOG Games\Empire Earth Gold Edition\Empire Earth\Data\textures\sfx_light_glow.sst","NO SUCH FILE","Filter: sfx_light_glow.sst"
"15:57:52,1691275","Empire Earth.exe","11380","QueryDirectory","E:\Program Files\GOG Games\Empire Earth Gold Edition\Empire Earth\Data\textures\sfx_light_glow.sst","NO SUCH FILE","Filter: sfx_light_glow.sst"
"15:57:52,1835015","Empire Earth.exe","11380","QueryDirectory","E:\Program Files\GOG Games\Empire Earth Gold Edition\Empire Earth\Data\textures\men_femcitizen_01T.sst","NO SUCH FILE","Filter: men_femcitizen_01T.sst"
"15:57:52,1837710","Empire Earth.exe","11380","QueryDirectory","E:\Program Files\GOG Games\Empire Earth Gold Edition\Empire Earth\Data\textures\men_femcitizen_01T.sst","NO SUCH FILE","Filter: men_femcitizen_01T.sst"
"15:57:52,1862971","Empire Earth.exe","11380","QueryDirectory","E:\Program Files\GOG Games\Empire Earth Gold Edition\Empire Earth\Data\textures\men_femcitizenhunt_01T.sst","NO SUCH FILE","Filter: men_femcitizenhunt_01T.sst"
"15:57:52,1866792","Empire Earth.exe","11380","QueryDirectory","E:\Program Files\GOG Games\Empire Earth Gold Edition\Empire Earth\Data\textures\men_femcitizenhunt_01T.sst","NO SUCH FILE","Filter: men_femcitizenhunt_01T.sst"
"15:57:52,1976838","Empire Earth.exe","11380","QueryDirectory","E:\Program Files\GOG Games\Empire Earth Gold Edition\Empire Earth\Data\textures\men_femcitizenbuild_01T.sst","NO SUCH FILE","Filter: men_femcitizenbuild_01T.sst"
"15:57:52,1982769","Empire Earth.exe","11380","QueryDirectory","E:\Program Files\GOG Games\Empire Earth Gold Edition\Empire Earth\Data\textures\men_femcitizenbuild_01T.sst","NO SUCH FILE","Filter: men_femcitizenbuild_01T.sst"
"15:57:52,2009041","Empire Earth.exe","11380","QueryDirectory","E:\Program Files\GOG Games\Empire Earth Gold Edition\Empire Earth\Data\textures\men_femcitizencarry_01T.sst","NO SUCH FILE","Filter: men_femcitizencarry_01T.sst"
"15:57:52,2012146","Empire Earth.exe","11380","QueryDirectory","E:\Program Files\GOG Games\Empire Earth Gold Edition\Empire Earth\Data\textures\men_femcitizencarry_01T.sst","NO SUCH FILE","Filter: men_femcitizencarry_01T.sst"
"15:57:52,2076563","Empire Earth.exe","11380","QueryDirectory","E:\Program Files\GOG Games\Empire Earth Gold Edition\Empire Earth\Data\textures\men_femcitizenchop_01T.sst","NO SUCH FILE","Filter: men_femcitizenchop_01T.sst"
"15:57:52,2079426","Empire Earth.exe","11380","QueryDirectory","E:\Program Files\GOG Games\Empire Earth Gold Edition\Empire Earth\Data\textures\men_femcitizenchop_01T.sst","NO SUCH FILE","Filter: men_femcitizenchop_01T.sst"
"15:57:52,2130940","Empire Earth.exe","11380","QueryDirectory","E:\Program Files\GOG Games\Empire Earth Gold Edition\Empire Earth\Data\textures\but_femcitizen_01T.sst","NO SUCH FILE","Filter: but_femcitizen_01T.sst"
"15:57:52,2133874","Empire Earth.exe","11380","QueryDirectory","E:\Program Files\GOG Games\Empire Earth Gold Edition\Empire Earth\Data\textures\but_femcitizen_01T.sst","NO SUCH FILE","Filter: but_femcitizen_01T.sst"
"15:57:52,2968242","Empire Earth.exe","11380","QueryDirectory","E:\Program Files\GOG Games\Empire Earth Gold Edition\Empire Earth\Data\textures\dollar_bill.sst","NO SUCH FILE","Filter: dollar_bill.sst"
"15:57:52,2974854","Empire Earth.exe","11380","QueryDirectory","E:\Program Files\GOG Games\Empire Earth Gold Edition\Empire Earth\Data\textures\dollar_bill.sst","NO SUCH FILE","Filter: dollar_bill.sst"
"15:57:52,2981308","Empire Earth.exe","11380","QueryDirectory","E:\Program Files\GOG Games\Empire Earth Gold Edition\Empire Earth\Data\textures\sfx_smokepuff.sst","NO SUCH FILE","Filter: sfx_smokepuff.sst"
"15:57:52,2984373","Empire Earth.exe","11380","QueryDirectory","E:\Program Files\GOG Games\Empire Earth Gold Edition\Empire Earth\Data\textures\sfx_smokepuff.sst","NO SUCH FILE","Filter: sfx_smokepuff.sst"
"15:57:52,3007559","Empire Earth.exe","11380","QueryDirectory","E:\Program Files\GOG Games\Empire Earth Gold Edition\Empire Earth\Data\textures\waypointT.sst","NO SUCH FILE","Filter: waypointT.sst"
"15:57:52,3013391","Empire Earth.exe","11380","QueryDirectory","E:\Program Files\GOG Games\Empire Earth Gold Edition\Empire Earth\Data\textures\waypointT.sst","NO SUCH FILE","Filter: waypointT.sst"
"15:57:52,3032298","Empire Earth.exe","11380","QueryDirectory","E:\Program Files\GOG Games\Empire Earth Gold Edition\Empire Earth\Data\textures\flag_buildingT.sst","NO SUCH FILE","Filter: flag_buildingT.sst"
"15:57:52,3035454","Empire Earth.exe","11380","QueryDirectory","E:\Program Files\GOG Games\Empire Earth Gold Edition\Empire Earth\Data\textures\flag_buildingT.sst","NO SUCH FILE","Filter: flag_buildingT.sst"
"15:57:52,3063316","Empire Earth.exe","11380","QueryDirectory","E:\Program Files\GOG Games\Empire Earth Gold Edition\Empire Earth\Data\textures\sha_circle.sst","NO SUCH FILE","Filter: sha_circle.sst"
"15:57:52,3068746","Empire Earth.exe","11380","QueryDirectory","E:\Program Files\GOG Games\Empire Earth Gold Edition\Empire Earth\Data\textures\sha_circle.sst","NO SUCH FILE","Filter: sha_circle.sst"
"15:57:52,9082360","Empire Earth.exe","11380","QueryDirectory","E:\Program Files\GOG Games\Empire Earth Gold Edition\Empire Earth\Data\textures\Scenfull_1_1.sst","NO SUCH FILE","Filter: Scenfull_1_1.sst"
"15:57:52,9084825","Empire Earth.exe","11380","QueryDirectory","E:\Program Files\GOG Games\Empire Earth Gold Edition\Empire Earth\Data\textures\Scenfull_1_1.sst","NO SUCH FILE","Filter: Scenfull_1_1.sst"
"15:57:53,0639323","Empire Earth.exe","11380","QueryDirectory","E:\Program Files\GOG Games\Empire Earth Gold Edition\Empire Earth\Data\textures\Scenfull_1_2.sst","NO SUCH FILE","Filter: Scenfull_1_2.sst"
"15:57:53,0643433","Empire Earth.exe","11380","QueryDirectory","E:\Program Files\GOG Games\Empire Earth Gold Edition\Empire Earth\Data\textures\Scenfull_1_2.sst","NO SUCH FILE","Filter: Scenfull_1_2.sst"
"15:57:53,0989978","Empire Earth.exe","11380","QueryDirectory","E:\Program Files\GOG Games\Empire Earth Gold Edition\Empire Earth\Data\textures\Scenfull_1_3.sst","NO SUCH FILE","Filter: Scenfull_1_3.sst"
"15:57:53,0993818","Empire Earth.exe","11380","QueryDirectory","E:\Program Files\GOG Games\Empire Earth Gold Edition\Empire Earth\Data\textures\Scenfull_1_3.sst","NO SUCH FILE","Filter: Scenfull_1_3.sst"
"15:57:53,1098252","Empire Earth.exe","11380","QueryDirectory","E:\Program Files\GOG Games\Empire Earth Gold Edition\Empire Earth\Data\textures\Scenfull_1_4.sst","NO SUCH FILE","Filter: Scenfull_1_4.sst"
"15:57:53,1101207","Empire Earth.exe","11380","QueryDirectory","E:\Program Files\GOG Games\Empire Earth Gold Edition\Empire Earth\Data\textures\Scenfull_1_4.sst","NO SUCH FILE","Filter: Scenfull_1_4.sst"
"15:57:53,1166046","Empire Earth.exe","11380","QueryDirectory","E:\Program Files\GOG Games\Empire Earth Gold Edition\Empire Earth\Data\textures\Scenfull_2_1.sst","NO SUCH FILE","Filter: Scenfull_2_1.sst"
"15:57:53,1168987","Empire Earth.exe","11380","QueryDirectory","E:\Program Files\GOG Games\Empire Earth Gold Edition\Empire Earth\Data\textures\Scenfull_2_1.sst","NO SUCH FILE","Filter: Scenfull_2_1.sst"
"15:57:53,2054816","Empire Earth.exe","11380","QueryDirectory","E:\Program Files\GOG Games\Empire Earth Gold Edition\Empire Earth\Data\textures\Scenfull_2_2.sst","NO SUCH FILE","Filter: Scenfull_2_2.sst"
"15:57:53,2057920","Empire Earth.exe","11380","QueryDirectory","E:\Program Files\GOG Games\Empire Earth Gold Edition\Empire Earth\Data\textures\Scenfull_2_2.sst","NO SUCH FILE","Filter: Scenfull_2_2.sst"
"15:57:53,2163314","Empire Earth.exe","11380","QueryDirectory","E:\Program Files\GOG Games\Empire Earth Gold Edition\Empire Earth\Data\textures\Scenfull_2_3.sst","NO SUCH FILE","Filter: Scenfull_2_3.sst"
"15:57:53,2166281","Empire Earth.exe","11380","QueryDirectory","E:\Program Files\GOG Games\Empire Earth Gold Edition\Empire Earth\Data\textures\Scenfull_2_3.sst","NO SUCH FILE","Filter: Scenfull_2_3.sst"
"15:57:53,2279503","Empire Earth.exe","11380","QueryDirectory","E:\Program Files\GOG Games\Empire Earth Gold Edition\Empire Earth\Data\textures\Scenfull_2_4.sst","NO SUCH FILE","Filter: Scenfull_2_4.sst"
"15:57:53,2285828","Empire Earth.exe","11380","QueryDirectory","E:\Program Files\GOG Games\Empire Earth Gold Edition\Empire Earth\Data\textures\Scenfull_2_4.sst","NO SUCH FILE","Filter: Scenfull_2_4.sst"
"15:57:53,2353415","Empire Earth.exe","11380","QueryDirectory","E:\Program Files\GOG Games\Empire Earth Gold Edition\Empire Earth\Data\textures\Scenfull_3_1.sst","NO SUCH FILE","Filter: Scenfull_3_1.sst"
"15:57:53,2359196","Empire Earth.exe","11380","QueryDirectory","E:\Program Files\GOG Games\Empire Earth Gold Edition\Empire Earth\Data\textures\Scenfull_3_1.sst","NO SUCH FILE","Filter: Scenfull_3_1.sst"
"15:57:53,2434829","Empire Earth.exe","11380","QueryDirectory","E:\Program Files\GOG Games\Empire Earth Gold Edition\Empire Earth\Data\textures\Scenfull_3_2.sst","NO SUCH FILE","Filter: Scenfull_3_2.sst"
"15:57:53,2437421","Empire Earth.exe","11380","QueryDirectory","E:\Program Files\GOG Games\Empire Earth Gold Edition\Empire Earth\Data\textures\Scenfull_3_2.sst","NO SUCH FILE","Filter: Scenfull_3_2.sst"
"15:57:53,2517800","Empire Earth.exe","11380","QueryDirectory","E:\Program Files\GOG Games\Empire Earth Gold Edition\Empire Earth\Data\textures\Scenfull_3_3.sst","NO SUCH FILE","Filter: Scenfull_3_3.sst"
"15:57:53,2520770","Empire Earth.exe","11380","QueryDirectory","E:\Program Files\GOG Games\Empire Earth Gold Edition\Empire Earth\Data\textures\Scenfull_3_3.sst","NO SUCH FILE","Filter: Scenfull_3_3.sst"
"15:57:53,2589108","Empire Earth.exe","11380","QueryDirectory","E:\Program Files\GOG Games\Empire Earth Gold Edition\Empire Earth\Data\textures\Scenfull_3_4.sst","NO SUCH FILE","Filter: Scenfull_3_4.sst"
"15:57:53,2593357","Empire Earth.exe","11380","QueryDirectory","E:\Program Files\GOG Games\Empire Earth Gold Edition\Empire Earth\Data\textures\Scenfull_3_4.sst","NO SUCH FILE","Filter: Scenfull_3_4.sst"
